,document,element,frequency_in_document
0,sn.1.subj_3,1,0
1,sn.1.subj_3,2,0
2,sn.1.subj_3,3,0
3,sn.1.subj_3,4,0
4,sn.1.subj_3,5,0
5,sn.1.subj_3,6,0
6,sn.1.subj_3,7,0
7,sn.1.subj_3,8,0
8,sn.1.subj_3,9,0
9,sn.1.subj_3,10,0
10,sn.1.subj_3,11,0
11,sn.1.subj_3,12,0
12,sn.1.subj_3,13,0
13,sn.1.subj_3,14,0
14,sn.1.subj_3,15,0
15,sn.1.subj_3,16,0
16,sn.1.subj_3,17,0
17,sn.1.subj_3,18,0
18,sn.1.subj_3,19,0
19,sn.1.subj_3,20,0
20,sn.1.subj_3,21,0
21,sn.1.subj_3,22,0
22,sn.1.subj_3,23,0
23,sn.1.subj_3,24,0
24,sn.1.subj_3,25,0
25,sn.1.subj_3,26,0
26,sn.1.subj_3,27,0
27,sn.1.subj_3,28,299
28,sn.1.subj_3,29,466
29,sn.1.subj_3,30,224
30,sn.1.subj_3,31,167
31,sn.1.subj_3,32,0
32,sn.1.subj_3,33,0
33,sn.1.subj_3,34,102
34,sn.1.subj_3,35,770
35,sn.1.subj_3,36,1389
36,sn.1.subj_3,37,552
37,sn.1.subj_3,38,524
38,sn.1.subj_3,39,314
39,sn.1.subj_3,40,607
40,sn.1.subj_3,41,10
41,sn.1.subj_3,42,140
42,sn.1.subj_3,43,7
43,sn.1.subj_3,44,50
44,sn.1.subj_3,45,302
45,sn.1.subj_3,46,51
46,sn.1.subj_3,47,44
47,sn.1.subj_3,48,180
48,sn.1.subj_3,49,72
49,sn.1.subj_3,50,50
50,sn.1.subj_3,51,93
51,sn.1.subj_3,52,84
52,sn.1.subj_3,53,201
53,sn.1.subj_3,54,133
54,sn.1.subj_3,55,574
55,sn.1.subj_3,56,374
56,sn.1.subj_3,57,575
57,sn.1.subj_3,58,757
58,sn.1.subj_3,59,720
59,sn.1.subj_3,60,45
60,sn.1.subj_3,61,35
61,sn.1.subj_3,62,286
62,sn.1.subj_3,63,559
63,sn.1.subj_3,64,1052
64,sn.1.subj_3,65,490
65,sn.1.subj_3,66,841
66,sn.1.subj_3,67,199
67,sn.1.subj_3,68,345
68,sn.1.subj_3,69,248
69,sn.1.subj_3,70,211
70,sn.1.subj_3,71,157
71,sn.1.subj_3,72,411
72,sn.1.subj_3,73,13
73,sn.1.subj_3,74,168
74,sn.1.subj_3,75,35
75,sn.1.subj_3,76,165
76,sn.1.subj_3,77,265
77,sn.1.subj_3,78,347
78,sn.1.subj_3,79,97
79,sn.1.subj_3,80,394
80,sn.1.subj_3,81,76
81,sn.1.subj_3,82,317
82,sn.1.subj_3,83,118
83,sn.1.subj_3,84,359
84,sn.1.subj_3,85,476
85,sn.1.subj_3,86,206
86,sn.1.subj_3,87,385
87,sn.1.subj_3,88,246
88,sn.1.subj_3,89,50
89,sn.1.subj_3,90,404
90,sn.1.subj_3,91,153
91,sn.1.subj_3,92,629
92,sn.1.subj_3,93,244
93,sn.1.subj_3,94,91
94,sn.1.subj_3,95,316
95,sn.1.subj_3,96,349
96,sn.1.subj_3,97,247
97,sn.1.subj_3,98,9
98,sn.1.subj_3,99,93
99,sn.1.subj_3,100,74
100,sn.1.subj_3,101,637
101,sn.1.subj_3,102,20
102,sn.1.subj_3,103,261
103,sn.1.subj_3,104,3
0,sn.1.subj_4,1,0
1,sn.1.subj_4,2,0
2,sn.1.subj_4,3,0
3,sn.1.subj_4,4,0
4,sn.1.subj_4,5,0
5,sn.1.subj_4,6,0
6,sn.1.subj_4,7,0
7,sn.1.subj_4,8,0
8,sn.1.subj_4,9,0
9,sn.1.subj_4,10,0
10,sn.1.subj_4,11,0
11,sn.1.subj_4,12,0
12,sn.1.subj_4,13,0
13,sn.1.subj_4,14,0
14,sn.1.subj_4,15,0
15,sn.1.subj_4,16,0
16,sn.1.subj_4,17,0
17,sn.1.subj_4,18,0
18,sn.1.subj_4,19,0
19,sn.1.subj_4,20,0
20,sn.1.subj_4,21,0
21,sn.1.subj_4,22,0
22,sn.1.subj_4,23,0
23,sn.1.subj_4,24,0
24,sn.1.subj_4,25,0
25,sn.1.subj_4,26,0
26,sn.1.subj_4,27,0
27,sn.1.subj_4,28,862
28,sn.1.subj_4,29,1391
29,sn.1.subj_4,30,703
30,sn.1.subj_4,31,296
31,sn.1.subj_4,32,0
32,sn.1.subj_4,33,5
33,sn.1.subj_4,34,291
34,sn.1.subj_4,35,2096
35,sn.1.subj_4,36,4005
36,sn.1.subj_4,37,1616
37,sn.1.subj_4,38,2020
38,sn.1.subj_4,39,1035
39,sn.1.subj_4,40,2088
40,sn.1.subj_4,41,72
41,sn.1.subj_4,42,413
42,sn.1.subj_4,43,19
43,sn.1.subj_4,44,163
44,sn.1.subj_4,45,663
45,sn.1.subj_4,46,167
46,sn.1.subj_4,47,145
47,sn.1.subj_4,48,360
48,sn.1.subj_4,49,162
49,sn.1.subj_4,50,166
50,sn.1.subj_4,51,195
51,sn.1.subj_4,52,273
52,sn.1.subj_4,53,448
53,sn.1.subj_4,54,387
54,sn.1.subj_4,55,1513
55,sn.1.subj_4,56,805
56,sn.1.subj_4,57,1448
57,sn.1.subj_4,58,1949
58,sn.1.subj_4,59,1803
59,sn.1.subj_4,60,167
60,sn.1.subj_4,61,109
61,sn.1.subj_4,62,747
62,sn.1.subj_4,63,1369
63,sn.1.subj_4,64,2700
64,sn.1.subj_4,65,1319
65,sn.1.subj_4,66,2177
66,sn.1.subj_4,67,528
67,sn.1.subj_4,68,798
68,sn.1.subj_4,69,614
69,sn.1.subj_4,70,562
70,sn.1.subj_4,71,390
71,sn.1.subj_4,72,992
72,sn.1.subj_4,73,15
73,sn.1.subj_4,74,375
74,sn.1.subj_4,75,81
75,sn.1.subj_4,76,478
76,sn.1.subj_4,77,670
77,sn.1.subj_4,78,776
78,sn.1.subj_4,79,211
79,sn.1.subj_4,80,784
80,sn.1.subj_4,81,210
81,sn.1.subj_4,82,656
82,sn.1.subj_4,83,324
83,sn.1.subj_4,84,906
84,sn.1.subj_4,85,1153
85,sn.1.subj_4,86,449
86,sn.1.subj_4,87,833
87,sn.1.subj_4,88,558
88,sn.1.subj_4,89,148
89,sn.1.subj_4,90,985
90,sn.1.subj_4,91,390
91,sn.1.subj_4,92,1611
92,sn.1.subj_4,93,651
93,sn.1.subj_4,94,157
94,sn.1.subj_4,95,725
95,sn.1.subj_4,96,855
96,sn.1.subj_4,97,509
97,sn.1.subj_4,98,36
98,sn.1.subj_4,99,180
99,sn.1.subj_4,100,150
100,sn.1.subj_4,101,1300
101,sn.1.subj_4,102,66
102,sn.1.subj_4,103,444
103,sn.1.subj_4,104,26
0,sn.1.subj_5,1,0
1,sn.1.subj_5,2,0
2,sn.1.subj_5,3,0
3,sn.1.subj_5,4,0
4,sn.1.subj_5,5,0
5,sn.1.subj_5,6,0
6,sn.1.subj_5,7,0
7,sn.1.subj_5,8,0
8,sn.1.subj_5,9,0
9,sn.1.subj_5,10,0
10,sn.1.subj_5,11,0
11,sn.1.subj_5,12,0
12,sn.1.subj_5,13,0
13,sn.1.subj_5,14,0
14,sn.1.subj_5,15,0
15,sn.1.subj_5,16,0
16,sn.1.subj_5,17,0
17,sn.1.subj_5,18,0
18,sn.1.subj_5,19,0
19,sn.1.subj_5,20,0
20,sn.1.subj_5,21,0
21,sn.1.subj_5,22,0
22,sn.1.subj_5,23,0
23,sn.1.subj_5,24,0
24,sn.1.subj_5,25,0
25,sn.1.subj_5,26,0
26,sn.1.subj_5,27,0
27,sn.1.subj_5,28,365
28,sn.1.subj_5,29,519
29,sn.1.subj_5,30,259
30,sn.1.subj_5,31,148
31,sn.1.subj_5,32,0
32,sn.1.subj_5,33,0
33,sn.1.subj_5,34,135
34,sn.1.subj_5,35,799
35,sn.1.subj_5,36,1481
36,sn.1.subj_5,37,623
37,sn.1.subj_5,38,611
38,sn.1.subj_5,39,380
39,sn.1.subj_5,40,774
40,sn.1.subj_5,41,15
41,sn.1.subj_5,42,147
42,sn.1.subj_5,43,8
43,sn.1.subj_5,44,57
44,sn.1.subj_5,45,286
45,sn.1.subj_5,46,67
46,sn.1.subj_5,47,47
47,sn.1.subj_5,48,184
48,sn.1.subj_5,49,80
49,sn.1.subj_5,50,82
50,sn.1.subj_5,51,89
51,sn.1.subj_5,52,98
52,sn.1.subj_5,53,161
53,sn.1.subj_5,54,160
54,sn.1.subj_5,55,699
55,sn.1.subj_5,56,350
56,sn.1.subj_5,57,609
57,sn.1.subj_5,58,836
58,sn.1.subj_5,59,692
59,sn.1.subj_5,60,79
60,sn.1.subj_5,61,48
61,sn.1.subj_5,62,314
62,sn.1.subj_5,63,495
63,sn.1.subj_5,64,1033
64,sn.1.subj_5,65,601
65,sn.1.subj_5,66,901
66,sn.1.subj_5,67,238
67,sn.1.subj_5,68,335
68,sn.1.subj_5,69,226
69,sn.1.subj_5,70,247
70,sn.1.subj_5,71,185
71,sn.1.subj_5,72,446
72,sn.1.subj_5,73,14
73,sn.1.subj_5,74,155
74,sn.1.subj_5,75,40
75,sn.1.subj_5,76,198
76,sn.1.subj_5,77,290
77,sn.1.subj_5,78,363
78,sn.1.subj_5,79,111
79,sn.1.subj_5,80,338
80,sn.1.subj_5,81,86
81,sn.1.subj_5,82,301
82,sn.1.subj_5,83,137
83,sn.1.subj_5,84,368
84,sn.1.subj_5,85,494
85,sn.1.subj_5,86,219
86,sn.1.subj_5,87,354
87,sn.1.subj_5,88,292
88,sn.1.subj_5,89,53
89,sn.1.subj_5,90,415
90,sn.1.subj_5,91,194
91,sn.1.subj_5,92,706
92,sn.1.subj_5,93,270
93,sn.1.subj_5,94,78
94,sn.1.subj_5,95,284
95,sn.1.subj_5,96,410
96,sn.1.subj_5,97,185
97,sn.1.subj_5,98,10
98,sn.1.subj_5,99,88
99,sn.1.subj_5,100,77
100,sn.1.subj_5,101,683
101,sn.1.subj_5,102,43
102,sn.1.subj_5,103,233
103,sn.1.subj_5,104,3
0,sn.1.subj_6,1,0
1,sn.1.subj_6,2,0
2,sn.1.subj_6,3,0
3,sn.1.subj_6,4,0
4,sn.1.subj_6,5,0
5,sn.1.subj_6,6,0
6,sn.1.subj_6,7,0
7,sn.1.subj_6,8,0
8,sn.1.subj_6,9,0
9,sn.1.subj_6,10,0
10,sn.1.subj_6,11,0
11,sn.1.subj_6,12,0
12,sn.1.subj_6,13,0
13,sn.1.subj_6,14,0
14,sn.1.subj_6,15,0
15,sn.1.subj_6,16,0
16,sn.1.subj_6,17,0
17,sn.1.subj_6,18,0
18,sn.1.subj_6,19,0
19,sn.1.subj_6,20,0
20,sn.1.subj_6,21,0
21,sn.1.subj_6,22,0
22,sn.1.subj_6,23,0
23,sn.1.subj_6,24,0
24,sn.1.subj_6,25,0
25,sn.1.subj_6,26,0
26,sn.1.subj_6,27,0
27,sn.1.subj_6,28,259
28,sn.1.subj_6,29,410
29,sn.1.subj_6,30,188
30,sn.1.subj_6,31,121
31,sn.1.subj_6,32,0
32,sn.1.subj_6,33,0
33,sn.1.subj_6,34,96
34,sn.1.subj_6,35,624
35,sn.1.subj_6,36,1165
36,sn.1.subj_6,37,337
37,sn.1.subj_6,38,505
38,sn.1.subj_6,39,319
39,sn.1.subj_6,40,622
40,sn.1.subj_6,41,10
41,sn.1.subj_6,42,127
42,sn.1.subj_6,43,3
43,sn.1.subj_6,44,37
44,sn.1.subj_6,45,221
45,sn.1.subj_6,46,58
46,sn.1.subj_6,47,42
47,sn.1.subj_6,48,127
48,sn.1.subj_6,49,40
49,sn.1.subj_6,50,35
50,sn.1.subj_6,51,54
51,sn.1.subj_6,52,60
52,sn.1.subj_6,53,133
53,sn.1.subj_6,54,119
54,sn.1.subj_6,55,478
55,sn.1.subj_6,56,284
56,sn.1.subj_6,57,413
57,sn.1.subj_6,58,617
58,sn.1.subj_6,59,463
59,sn.1.subj_6,60,54
60,sn.1.subj_6,61,27
61,sn.1.subj_6,62,215
62,sn.1.subj_6,63,442
63,sn.1.subj_6,64,772
64,sn.1.subj_6,65,391
65,sn.1.subj_6,66,604
66,sn.1.subj_6,67,168
67,sn.1.subj_6,68,233
68,sn.1.subj_6,69,153
69,sn.1.subj_6,70,144
70,sn.1.subj_6,71,149
71,sn.1.subj_6,72,319
72,sn.1.subj_6,73,13
73,sn.1.subj_6,74,108
74,sn.1.subj_6,75,29
75,sn.1.subj_6,76,179
76,sn.1.subj_6,77,225
77,sn.1.subj_6,78,277
78,sn.1.subj_6,79,50
79,sn.1.subj_6,80,269
80,sn.1.subj_6,81,48
81,sn.1.subj_6,82,156
82,sn.1.subj_6,83,119
83,sn.1.subj_6,84,253
84,sn.1.subj_6,85,349
85,sn.1.subj_6,86,138
86,sn.1.subj_6,87,232
87,sn.1.subj_6,88,177
88,sn.1.subj_6,89,55
89,sn.1.subj_6,90,313
90,sn.1.subj_6,91,129
91,sn.1.subj_6,92,554
92,sn.1.subj_6,93,215
93,sn.1.subj_6,94,61
94,sn.1.subj_6,95,160
95,sn.1.subj_6,96,293
96,sn.1.subj_6,97,131
97,sn.1.subj_6,98,9
98,sn.1.subj_6,99,47
99,sn.1.subj_6,100,35
100,sn.1.subj_6,101,436
101,sn.1.subj_6,102,18
102,sn.1.subj_6,103,157
103,sn.1.subj_6,104,3
0,sn.1.subj_7,1,0
1,sn.1.subj_7,2,0
2,sn.1.subj_7,3,0
3,sn.1.subj_7,4,0
4,sn.1.subj_7,5,0
5,sn.1.subj_7,6,0
6,sn.1.subj_7,7,0
7,sn.1.subj_7,8,0
8,sn.1.subj_7,9,0
9,sn.1.subj_7,10,0
10,sn.1.subj_7,11,0
11,sn.1.subj_7,12,0
12,sn.1.subj_7,13,0
13,sn.1.subj_7,14,0
14,sn.1.subj_7,15,0
15,sn.1.subj_7,16,0
16,sn.1.subj_7,17,0
17,sn.1.subj_7,18,0
18,sn.1.subj_7,19,0
19,sn.1.subj_7,20,0
20,sn.1.subj_7,21,0
21,sn.1.subj_7,22,0
22,sn.1.subj_7,23,0
23,sn.1.subj_7,24,0
24,sn.1.subj_7,25,0
25,sn.1.subj_7,26,0
26,sn.1.subj_7,27,0
27,sn.1.subj_7,28,40
28,sn.1.subj_7,29,70
29,sn.1.subj_7,30,29
30,sn.1.subj_7,31,20
31,sn.1.subj_7,32,0
32,sn.1.subj_7,33,0
33,sn.1.subj_7,34,11
34,sn.1.subj_7,35,129
35,sn.1.subj_7,36,278
36,sn.1.subj_7,37,96
37,sn.1.subj_7,38,112
38,sn.1.subj_7,39,86
39,sn.1.subj_7,40,123
40,sn.1.subj_7,41,2
41,sn.1.subj_7,42,16
42,sn.1.subj_7,43,1
43,sn.1.subj_7,44,6
44,sn.1.subj_7,45,30
45,sn.1.subj_7,46,18
46,sn.1.subj_7,47,11
47,sn.1.subj_7,48,22
48,sn.1.subj_7,49,5
49,sn.1.subj_7,50,6
50,sn.1.subj_7,51,9
51,sn.1.subj_7,52,15
52,sn.1.subj_7,53,34
53,sn.1.subj_7,54,32
54,sn.1.subj_7,55,103
55,sn.1.subj_7,56,60
56,sn.1.subj_7,57,91
57,sn.1.subj_7,58,124
58,sn.1.subj_7,59,108
59,sn.1.subj_7,60,8
60,sn.1.subj_7,61,5
61,sn.1.subj_7,62,57
62,sn.1.subj_7,63,70
63,sn.1.subj_7,64,197
64,sn.1.subj_7,65,99
65,sn.1.subj_7,66,155
66,sn.1.subj_7,67,42
67,sn.1.subj_7,68,38
68,sn.1.subj_7,69,24
69,sn.1.subj_7,70,32
70,sn.1.subj_7,71,26
71,sn.1.subj_7,72,76
72,sn.1.subj_7,73,1
73,sn.1.subj_7,74,27
74,sn.1.subj_7,75,5
75,sn.1.subj_7,76,25
76,sn.1.subj_7,77,34
77,sn.1.subj_7,78,58
78,sn.1.subj_7,79,5
79,sn.1.subj_7,80,69
80,sn.1.subj_7,81,15
81,sn.1.subj_7,82,45
82,sn.1.subj_7,83,19
83,sn.1.subj_7,84,62
84,sn.1.subj_7,85,72
85,sn.1.subj_7,86,21
86,sn.1.subj_7,87,42
87,sn.1.subj_7,88,33
88,sn.1.subj_7,89,14
89,sn.1.subj_7,90,62
90,sn.1.subj_7,91,21
91,sn.1.subj_7,92,82
92,sn.1.subj_7,93,52
93,sn.1.subj_7,94,14
94,sn.1.subj_7,95,48
95,sn.1.subj_7,96,61
96,sn.1.subj_7,97,27
97,sn.1.subj_7,98,0
98,sn.1.subj_7,99,14
99,sn.1.subj_7,100,10
100,sn.1.subj_7,101,77
101,sn.1.subj_7,102,4
102,sn.1.subj_7,103,28
103,sn.1.subj_7,104,1
0,sn.2.subj_3,1,0
1,sn.2.subj_3,2,0
2,sn.2.subj_3,3,0
3,sn.2.subj_3,4,0
4,sn.2.subj_3,5,0
5,sn.2.subj_3,6,0
6,sn.2.subj_3,7,0
7,sn.2.subj_3,8,0
8,sn.2.subj_3,9,0
9,sn.2.subj_3,10,0
10,sn.2.subj_3,11,0
11,sn.2.subj_3,12,0
12,sn.2.subj_3,13,0
13,sn.2.subj_3,14,0
14,sn.2.subj_3,15,0
15,sn.2.subj_3,16,0
16,sn.2.subj_3,17,0
17,sn.2.subj_3,18,0
18,sn.2.subj_3,19,0
19,sn.2.subj_3,20,0
20,sn.2.subj_3,21,0
21,sn.2.subj_3,22,0
22,sn.2.subj_3,23,0
23,sn.2.subj_3,24,0
24,sn.2.subj_3,25,0
25,sn.2.subj_3,26,0
26,sn.2.subj_3,27,0
27,sn.2.subj_3,28,227
28,sn.2.subj_3,29,523
29,sn.2.subj_3,30,185
30,sn.2.subj_3,31,131
31,sn.2.subj_3,32,0
32,sn.2.subj_3,33,0
33,sn.2.subj_3,34,82
34,sn.2.subj_3,35,766
35,sn.2.subj_3,36,1265
36,sn.2.subj_3,37,492
37,sn.2.subj_3,38,480
38,sn.2.subj_3,39,308
39,sn.2.subj_3,40,558
40,sn.2.subj_3,41,6
41,sn.2.subj_3,42,119
42,sn.2.subj_3,43,3
43,sn.2.subj_3,44,44
44,sn.2.subj_3,45,235
45,sn.2.subj_3,46,34
46,sn.2.subj_3,47,51
47,sn.2.subj_3,48,146
48,sn.2.subj_3,49,90
49,sn.2.subj_3,50,71
50,sn.2.subj_3,51,67
51,sn.2.subj_3,52,85
52,sn.2.subj_3,53,184
53,sn.2.subj_3,54,142
54,sn.2.subj_3,55,571
55,sn.2.subj_3,56,336
56,sn.2.subj_3,57,546
57,sn.2.subj_3,58,742
58,sn.2.subj_3,59,630
59,sn.2.subj_3,60,52
60,sn.2.subj_3,61,43
61,sn.2.subj_3,62,272
62,sn.2.subj_3,63,554
63,sn.2.subj_3,64,987
64,sn.2.subj_3,65,496
65,sn.2.subj_3,66,790
66,sn.2.subj_3,67,181
67,sn.2.subj_3,68,281
68,sn.2.subj_3,69,229
69,sn.2.subj_3,70,224
70,sn.2.subj_3,71,147
71,sn.2.subj_3,72,362
72,sn.2.subj_3,73,11
73,sn.2.subj_3,74,162
74,sn.2.subj_3,75,31
75,sn.2.subj_3,76,166
76,sn.2.subj_3,77,250
77,sn.2.subj_3,78,327
78,sn.2.subj_3,79,99
79,sn.2.subj_3,80,326
80,sn.2.subj_3,81,66
81,sn.2.subj_3,82,269
82,sn.2.subj_3,83,138
83,sn.2.subj_3,84,271
84,sn.2.subj_3,85,419
85,sn.2.subj_3,86,237
86,sn.2.subj_3,87,304
87,sn.2.subj_3,88,233
88,sn.2.subj_3,89,62
89,sn.2.subj_3,90,354
90,sn.2.subj_3,91,161
91,sn.2.subj_3,92,581
92,sn.2.subj_3,93,205
93,sn.2.subj_3,94,54
94,sn.2.subj_3,95,277
95,sn.2.subj_3,96,362
96,sn.2.subj_3,97,185
97,sn.2.subj_3,98,4
98,sn.2.subj_3,99,73
99,sn.2.subj_3,100,51
100,sn.2.subj_3,101,512
101,sn.2.subj_3,102,31
102,sn.2.subj_3,103,211
103,sn.2.subj_3,104,4
0,sn.2.subj_4,1,0
1,sn.2.subj_4,2,0
2,sn.2.subj_4,3,0
3,sn.2.subj_4,4,0
4,sn.2.subj_4,5,0
5,sn.2.subj_4,6,0
6,sn.2.subj_4,7,0
7,sn.2.subj_4,8,0
8,sn.2.subj_4,9,0
9,sn.2.subj_4,10,0
10,sn.2.subj_4,11,0
11,sn.2.subj_4,12,0
12,sn.2.subj_4,13,0
13,sn.2.subj_4,14,0
14,sn.2.subj_4,15,0
15,sn.2.subj_4,16,0
16,sn.2.subj_4,17,0
17,sn.2.subj_4,18,0
18,sn.2.subj_4,19,0
19,sn.2.subj_4,20,0
20,sn.2.subj_4,21,0
21,sn.2.subj_4,22,0
22,sn.2.subj_4,23,0
23,sn.2.subj_4,24,0
24,sn.2.subj_4,25,0
25,sn.2.subj_4,26,0
26,sn.2.subj_4,27,1
27,sn.2.subj_4,28,846
28,sn.2.subj_4,29,1210
29,sn.2.subj_4,30,617
30,sn.2.subj_4,31,300
31,sn.2.subj_4,32,1
32,sn.2.subj_4,33,1
33,sn.2.subj_4,34,214
34,sn.2.subj_4,35,1863
35,sn.2.subj_4,36,3442
36,sn.2.subj_4,37,1335
37,sn.2.subj_4,38,1698
38,sn.2.subj_4,39,836
39,sn.2.subj_4,40,1865
40,sn.2.subj_4,41,68
41,sn.2.subj_4,42,327
42,sn.2.subj_4,43,19
43,sn.2.subj_4,44,127
44,sn.2.subj_4,45,655
45,sn.2.subj_4,46,204
46,sn.2.subj_4,47,114
47,sn.2.subj_4,48,348
48,sn.2.subj_4,49,154
49,sn.2.subj_4,50,181
50,sn.2.subj_4,51,208
51,sn.2.subj_4,52,221
52,sn.2.subj_4,53,434
53,sn.2.subj_4,54,377
54,sn.2.subj_4,55,1551
55,sn.2.subj_4,56,802
56,sn.2.subj_4,57,1274
57,sn.2.subj_4,58,1767
58,sn.2.subj_4,59,1509
59,sn.2.subj_4,60,141
60,sn.2.subj_4,61,85
61,sn.2.subj_4,62,672
62,sn.2.subj_4,63,1328
63,sn.2.subj_4,64,2475
64,sn.2.subj_4,65,1137
65,sn.2.subj_4,66,1919
66,sn.2.subj_4,67,371
67,sn.2.subj_4,68,710
68,sn.2.subj_4,69,433
69,sn.2.subj_4,70,432
70,sn.2.subj_4,71,385
71,sn.2.subj_4,72,888
72,sn.2.subj_4,73,12
73,sn.2.subj_4,74,288
74,sn.2.subj_4,75,87
75,sn.2.subj_4,76,384
76,sn.2.subj_4,77,510
77,sn.2.subj_4,78,758
78,sn.2.subj_4,79,202
79,sn.2.subj_4,80,708
80,sn.2.subj_4,81,187
81,sn.2.subj_4,82,618
82,sn.2.subj_4,83,303
83,sn.2.subj_4,84,867
84,sn.2.subj_4,85,1052
85,sn.2.subj_4,86,402
86,sn.2.subj_4,87,741
87,sn.2.subj_4,88,556
88,sn.2.subj_4,89,137
89,sn.2.subj_4,90,865
90,sn.2.subj_4,91,381
91,sn.2.subj_4,92,1422
92,sn.2.subj_4,93,601
93,sn.2.subj_4,94,137
94,sn.2.subj_4,95,594
95,sn.2.subj_4,96,835
96,sn.2.subj_4,97,462
97,sn.2.subj_4,98,31
98,sn.2.subj_4,99,196
99,sn.2.subj_4,100,174
100,sn.2.subj_4,101,1218
101,sn.2.subj_4,102,83
102,sn.2.subj_4,103,451
103,sn.2.subj_4,104,21
0,sn.2.subj_5,1,0
1,sn.2.subj_5,2,0
2,sn.2.subj_5,3,0
3,sn.2.subj_5,4,0
4,sn.2.subj_5,5,0
5,sn.2.subj_5,6,0
6,sn.2.subj_5,7,0
7,sn.2.subj_5,8,0
8,sn.2.subj_5,9,0
9,sn.2.subj_5,10,0
10,sn.2.subj_5,11,0
11,sn.2.subj_5,12,0
12,sn.2.subj_5,13,0
13,sn.2.subj_5,14,0
14,sn.2.subj_5,15,0
15,sn.2.subj_5,16,0
16,sn.2.subj_5,17,0
17,sn.2.subj_5,18,0
18,sn.2.subj_5,19,0
19,sn.2.subj_5,20,0
20,sn.2.subj_5,21,0
21,sn.2.subj_5,22,0
22,sn.2.subj_5,23,0
23,sn.2.subj_5,24,0
24,sn.2.subj_5,25,0
25,sn.2.subj_5,26,0
26,sn.2.subj_5,27,0
27,sn.2.subj_5,28,355
28,sn.2.subj_5,29,566
29,sn.2.subj_5,30,268
30,sn.2.subj_5,31,180
31,sn.2.subj_5,32,0
32,sn.2.subj_5,33,0
33,sn.2.subj_5,34,165
34,sn.2.subj_5,35,867
35,sn.2.subj_5,36,1574
36,sn.2.subj_5,37,647
37,sn.2.subj_5,38,661
38,sn.2.subj_5,39,424
39,sn.2.subj_5,40,822
40,sn.2.subj_5,41,20
41,sn.2.subj_5,42,189
42,sn.2.subj_5,43,5
43,sn.2.subj_5,44,74
44,sn.2.subj_5,45,340
45,sn.2.subj_5,46,57
46,sn.2.subj_5,47,65
47,sn.2.subj_5,48,230
48,sn.2.subj_5,49,87
49,sn.2.subj_5,50,75
50,sn.2.subj_5,51,127
51,sn.2.subj_5,52,106
52,sn.2.subj_5,53,221
53,sn.2.subj_5,54,170
54,sn.2.subj_5,55,658
55,sn.2.subj_5,56,417
56,sn.2.subj_5,57,699
57,sn.2.subj_5,58,914
58,sn.2.subj_5,59,831
59,sn.2.subj_5,60,89
60,sn.2.subj_5,61,68
61,sn.2.subj_5,62,332
62,sn.2.subj_5,63,532
63,sn.2.subj_5,64,1147
64,sn.2.subj_5,65,606
65,sn.2.subj_5,66,1003
66,sn.2.subj_5,67,207
67,sn.2.subj_5,68,375
68,sn.2.subj_5,69,226
69,sn.2.subj_5,70,249
70,sn.2.subj_5,71,164
71,sn.2.subj_5,72,464
72,sn.2.subj_5,73,17
73,sn.2.subj_5,74,181
74,sn.2.subj_5,75,34
75,sn.2.subj_5,76,242
76,sn.2.subj_5,77,349
77,sn.2.subj_5,78,450
78,sn.2.subj_5,79,136
79,sn.2.subj_5,80,469
80,sn.2.subj_5,81,107
81,sn.2.subj_5,82,301
82,sn.2.subj_5,83,177
83,sn.2.subj_5,84,404
84,sn.2.subj_5,85,605
85,sn.2.subj_5,86,246
86,sn.2.subj_5,87,393
87,sn.2.subj_5,88,296
88,sn.2.subj_5,89,84
89,sn.2.subj_5,90,567
90,sn.2.subj_5,91,188
91,sn.2.subj_5,92,870
92,sn.2.subj_5,93,273
93,sn.2.subj_5,94,90
94,sn.2.subj_5,95,315
95,sn.2.subj_5,96,452
96,sn.2.subj_5,97,224
97,sn.2.subj_5,98,14
98,sn.2.subj_5,99,118
99,sn.2.subj_5,100,99
100,sn.2.subj_5,101,651
101,sn.2.subj_5,102,47
102,sn.2.subj_5,103,282
103,sn.2.subj_5,104,8
0,sn.2.subj_6,1,0
1,sn.2.subj_6,2,0
2,sn.2.subj_6,3,0
3,sn.2.subj_6,4,0
4,sn.2.subj_6,5,0
5,sn.2.subj_6,6,0
6,sn.2.subj_6,7,0
7,sn.2.subj_6,8,0
8,sn.2.subj_6,9,0
9,sn.2.subj_6,10,0
10,sn.2.subj_6,11,0
11,sn.2.subj_6,12,0
12,sn.2.subj_6,13,0
13,sn.2.subj_6,14,0
14,sn.2.subj_6,15,0
15,sn.2.subj_6,16,0
16,sn.2.subj_6,17,0
17,sn.2.subj_6,18,0
18,sn.2.subj_6,19,0
19,sn.2.subj_6,20,0
20,sn.2.subj_6,21,0
21,sn.2.subj_6,22,0
22,sn.2.subj_6,23,0
23,sn.2.subj_6,24,0
24,sn.2.subj_6,25,0
25,sn.2.subj_6,26,0
26,sn.2.subj_6,27,0
27,sn.2.subj_6,28,460
28,sn.2.subj_6,29,744
29,sn.2.subj_6,30,239
30,sn.2.subj_6,31,175
31,sn.2.subj_6,32,0
32,sn.2.subj_6,33,0
33,sn.2.subj_6,34,114
34,sn.2.subj_6,35,984
35,sn.2.subj_6,36,1684
36,sn.2.subj_6,37,638
37,sn.2.subj_6,38,877
38,sn.2.subj_6,39,442
39,sn.2.subj_6,40,952
40,sn.2.subj_6,41,22
41,sn.2.subj_6,42,172
42,sn.2.subj_6,43,8
43,sn.2.subj_6,44,55
44,sn.2.subj_6,45,283
45,sn.2.subj_6,46,89
46,sn.2.subj_6,47,29
47,sn.2.subj_6,48,184
48,sn.2.subj_6,49,70
49,sn.2.subj_6,50,70
50,sn.2.subj_6,51,99
51,sn.2.subj_6,52,86
52,sn.2.subj_6,53,187
53,sn.2.subj_6,54,145
54,sn.2.subj_6,55,700
55,sn.2.subj_6,56,367
56,sn.2.subj_6,57,551
57,sn.2.subj_6,58,792
58,sn.2.subj_6,59,685
59,sn.2.subj_6,60,80
60,sn.2.subj_6,61,24
61,sn.2.subj_6,62,325
62,sn.2.subj_6,63,667
63,sn.2.subj_6,64,1095
64,sn.2.subj_6,65,475
65,sn.2.subj_6,66,855
66,sn.2.subj_6,67,208
67,sn.2.subj_6,68,341
68,sn.2.subj_6,69,213
69,sn.2.subj_6,70,196
70,sn.2.subj_6,71,155
71,sn.2.subj_6,72,355
72,sn.2.subj_6,73,4
73,sn.2.subj_6,74,110
74,sn.2.subj_6,75,28
75,sn.2.subj_6,76,207
76,sn.2.subj_6,77,277
77,sn.2.subj_6,78,392
78,sn.2.subj_6,79,73
79,sn.2.subj_6,80,313
80,sn.2.subj_6,81,65
81,sn.2.subj_6,82,244
82,sn.2.subj_6,83,147
83,sn.2.subj_6,84,351
84,sn.2.subj_6,85,466
85,sn.2.subj_6,86,213
86,sn.2.subj_6,87,323
87,sn.2.subj_6,88,257
88,sn.2.subj_6,89,65
89,sn.2.subj_6,90,348
90,sn.2.subj_6,91,171
91,sn.2.subj_6,92,594
92,sn.2.subj_6,93,251
93,sn.2.subj_6,94,70
94,sn.2.subj_6,95,248
95,sn.2.subj_6,96,406
96,sn.2.subj_6,97,161
97,sn.2.subj_6,98,12
98,sn.2.subj_6,99,76
99,sn.2.subj_6,100,62
100,sn.2.subj_6,101,609
101,sn.2.subj_6,102,34
102,sn.2.subj_6,103,250
103,sn.2.subj_6,104,11
0,sn.2.subj_7,1,0
1,sn.2.subj_7,2,0
2,sn.2.subj_7,3,0
3,sn.2.subj_7,4,0
4,sn.2.subj_7,5,0
5,sn.2.subj_7,6,0
6,sn.2.subj_7,7,0
7,sn.2.subj_7,8,0
8,sn.2.subj_7,9,0
9,sn.2.subj_7,10,0
10,sn.2.subj_7,11,0
11,sn.2.subj_7,12,0
12,sn.2.subj_7,13,0
13,sn.2.subj_7,14,0
14,sn.2.subj_7,15,0
15,sn.2.subj_7,16,0
16,sn.2.subj_7,17,0
17,sn.2.subj_7,18,0
18,sn.2.subj_7,19,0
19,sn.2.subj_7,20,0
20,sn.2.subj_7,21,0
21,sn.2.subj_7,22,0
22,sn.2.subj_7,23,0
23,sn.2.subj_7,24,0
24,sn.2.subj_7,25,0
25,sn.2.subj_7,26,0
26,sn.2.subj_7,27,0
27,sn.2.subj_7,28,212
28,sn.2.subj_7,29,381
29,sn.2.subj_7,30,160
30,sn.2.subj_7,31,140
31,sn.2.subj_7,32,0
32,sn.2.subj_7,33,0
33,sn.2.subj_7,34,81
34,sn.2.subj_7,35,527
35,sn.2.subj_7,36,1014
36,sn.2.subj_7,37,412
37,sn.2.subj_7,38,476
38,sn.2.subj_7,39,231
39,sn.2.subj_7,40,500
40,sn.2.subj_7,41,13
41,sn.2.subj_7,42,97
42,sn.2.subj_7,43,6
43,sn.2.subj_7,44,32
44,sn.2.subj_7,45,177
45,sn.2.subj_7,46,40
46,sn.2.subj_7,47,38
47,sn.2.subj_7,48,114
48,sn.2.subj_7,49,48
49,sn.2.subj_7,50,52
50,sn.2.subj_7,51,45
51,sn.2.subj_7,52,64
52,sn.2.subj_7,53,109
53,sn.2.subj_7,54,92
54,sn.2.subj_7,55,459
55,sn.2.subj_7,56,249
56,sn.2.subj_7,57,377
57,sn.2.subj_7,58,508
58,sn.2.subj_7,59,435
59,sn.2.subj_7,60,44
60,sn.2.subj_7,61,21
61,sn.2.subj_7,62,220
62,sn.2.subj_7,63,344
63,sn.2.subj_7,64,731
64,sn.2.subj_7,65,344
65,sn.2.subj_7,66,571
66,sn.2.subj_7,67,135
67,sn.2.subj_7,68,202
68,sn.2.subj_7,69,160
69,sn.2.subj_7,70,143
70,sn.2.subj_7,71,118
71,sn.2.subj_7,72,252
72,sn.2.subj_7,73,6
73,sn.2.subj_7,74,103
74,sn.2.subj_7,75,30
75,sn.2.subj_7,76,129
76,sn.2.subj_7,77,162
77,sn.2.subj_7,78,203
78,sn.2.subj_7,79,73
79,sn.2.subj_7,80,276
80,sn.2.subj_7,81,50
81,sn.2.subj_7,82,159
82,sn.2.subj_7,83,75
83,sn.2.subj_7,84,246
84,sn.2.subj_7,85,300
85,sn.2.subj_7,86,135
86,sn.2.subj_7,87,207
87,sn.2.subj_7,88,157
88,sn.2.subj_7,89,46
89,sn.2.subj_7,90,336
90,sn.2.subj_7,91,132
91,sn.2.subj_7,92,509
92,sn.2.subj_7,93,194
93,sn.2.subj_7,94,58
94,sn.2.subj_7,95,188
95,sn.2.subj_7,96,239
96,sn.2.subj_7,97,126
97,sn.2.subj_7,98,9
98,sn.2.subj_7,99,56
99,sn.2.subj_7,100,41
100,sn.2.subj_7,101,383
101,sn.2.subj_7,102,18
102,sn.2.subj_7,103,151
103,sn.2.subj_7,104,4
0,sn.4.subj_3,1,0
1,sn.4.subj_3,2,0
2,sn.4.subj_3,3,0
3,sn.4.subj_3,4,0
4,sn.4.subj_3,5,0
5,sn.4.subj_3,6,0
6,sn.4.subj_3,7,0
7,sn.4.subj_3,8,0
8,sn.4.subj_3,9,0
9,sn.4.subj_3,10,0
10,sn.4.subj_3,11,0
11,sn.4.subj_3,12,0
12,sn.4.subj_3,13,0
13,sn.4.subj_3,14,0
14,sn.4.subj_3,15,0
15,sn.4.subj_3,16,0
16,sn.4.subj_3,17,0
17,sn.4.subj_3,18,0
18,sn.4.subj_3,19,0
19,sn.4.subj_3,20,0
20,sn.4.subj_3,21,0
21,sn.4.subj_3,22,0
22,sn.4.subj_3,23,0
23,sn.4.subj_3,24,0
24,sn.4.subj_3,25,0
25,sn.4.subj_3,26,0
26,sn.4.subj_3,27,0
27,sn.4.subj_3,28,411
28,sn.4.subj_3,29,833
29,sn.4.subj_3,30,325
30,sn.4.subj_3,31,229
31,sn.4.subj_3,32,0
32,sn.4.subj_3,33,0
33,sn.4.subj_3,34,144
34,sn.4.subj_3,35,1175
35,sn.4.subj_3,36,2076
36,sn.4.subj_3,37,802
37,sn.4.subj_3,38,735
38,sn.4.subj_3,39,449
39,sn.4.subj_3,40,999
40,sn.4.subj_3,41,16
41,sn.4.subj_3,42,172
42,sn.4.subj_3,43,10
43,sn.4.subj_3,44,71
44,sn.4.subj_3,45,402
45,sn.4.subj_3,46,61
46,sn.4.subj_3,47,54
47,sn.4.subj_3,48,227
48,sn.4.subj_3,49,104
49,sn.4.subj_3,50,102
50,sn.4.subj_3,51,120
51,sn.4.subj_3,52,144
52,sn.4.subj_3,53,292
53,sn.4.subj_3,54,208
54,sn.4.subj_3,55,943
55,sn.4.subj_3,56,523
56,sn.4.subj_3,57,880
57,sn.4.subj_3,58,1184
58,sn.4.subj_3,59,884
59,sn.4.subj_3,60,113
60,sn.4.subj_3,61,69
61,sn.4.subj_3,62,390
62,sn.4.subj_3,63,893
63,sn.4.subj_3,64,1538
64,sn.4.subj_3,65,762
65,sn.4.subj_3,66,1132
66,sn.4.subj_3,67,280
67,sn.4.subj_3,68,436
68,sn.4.subj_3,69,336
69,sn.4.subj_3,70,262
70,sn.4.subj_3,71,230
71,sn.4.subj_3,72,575
72,sn.4.subj_3,73,10
73,sn.4.subj_3,74,207
74,sn.4.subj_3,75,34
75,sn.4.subj_3,76,213
76,sn.4.subj_3,77,364
77,sn.4.subj_3,78,469
78,sn.4.subj_3,79,122
79,sn.4.subj_3,80,492
80,sn.4.subj_3,81,87
81,sn.4.subj_3,82,375
82,sn.4.subj_3,83,192
83,sn.4.subj_3,84,509
84,sn.4.subj_3,85,623
85,sn.4.subj_3,86,321
86,sn.4.subj_3,87,496
87,sn.4.subj_3,88,405
88,sn.4.subj_3,89,79
89,sn.4.subj_3,90,511
90,sn.4.subj_3,91,209
91,sn.4.subj_3,92,863
92,sn.4.subj_3,93,323
93,sn.4.subj_3,94,98
94,sn.4.subj_3,95,400
95,sn.4.subj_3,96,604
96,sn.4.subj_3,97,300
97,sn.4.subj_3,98,20
98,sn.4.subj_3,99,99
99,sn.4.subj_3,100,99
100,sn.4.subj_3,101,752
101,sn.4.subj_3,102,43
102,sn.4.subj_3,103,350
103,sn.4.subj_3,104,11
0,sn.4.subj_4,1,0
1,sn.4.subj_4,2,0
2,sn.4.subj_4,3,0
3,sn.4.subj_4,4,0
4,sn.4.subj_4,5,0
5,sn.4.subj_4,6,0
6,sn.4.subj_4,7,0
7,sn.4.subj_4,8,0
8,sn.4.subj_4,9,0
9,sn.4.subj_4,10,0
10,sn.4.subj_4,11,0
11,sn.4.subj_4,12,0
12,sn.4.subj_4,13,0
13,sn.4.subj_4,14,0
14,sn.4.subj_4,15,0
15,sn.4.subj_4,16,0
16,sn.4.subj_4,17,0
17,sn.4.subj_4,18,0
18,sn.4.subj_4,19,0
19,sn.4.subj_4,20,0
20,sn.4.subj_4,21,0
21,sn.4.subj_4,22,0
22,sn.4.subj_4,23,0
23,sn.4.subj_4,24,0
24,sn.4.subj_4,25,0
25,sn.4.subj_4,26,0
26,sn.4.subj_4,27,0
27,sn.4.subj_4,28,332
28,sn.4.subj_4,29,489
29,sn.4.subj_4,30,228
30,sn.4.subj_4,31,147
31,sn.4.subj_4,32,0
32,sn.4.subj_4,33,0
33,sn.4.subj_4,34,120
34,sn.4.subj_4,35,805
35,sn.4.subj_4,36,1513
36,sn.4.subj_4,37,616
37,sn.4.subj_4,38,642
38,sn.4.subj_4,39,432
39,sn.4.subj_4,40,732
40,sn.4.subj_4,41,21
41,sn.4.subj_4,42,147
42,sn.4.subj_4,43,7
43,sn.4.subj_4,44,49
44,sn.4.subj_4,45,291
45,sn.4.subj_4,46,53
46,sn.4.subj_4,47,49
47,sn.4.subj_4,48,144
48,sn.4.subj_4,49,61
49,sn.4.subj_4,50,88
50,sn.4.subj_4,51,92
51,sn.4.subj_4,52,85
52,sn.4.subj_4,53,173
53,sn.4.subj_4,54,138
54,sn.4.subj_4,55,595
55,sn.4.subj_4,56,348
56,sn.4.subj_4,57,591
57,sn.4.subj_4,58,795
58,sn.4.subj_4,59,667
59,sn.4.subj_4,60,60
60,sn.4.subj_4,61,48
61,sn.4.subj_4,62,302
62,sn.4.subj_4,63,546
63,sn.4.subj_4,64,1137
64,sn.4.subj_4,65,485
65,sn.4.subj_4,66,948
66,sn.4.subj_4,67,185
67,sn.4.subj_4,68,340
68,sn.4.subj_4,69,218
69,sn.4.subj_4,70,176
70,sn.4.subj_4,71,174
71,sn.4.subj_4,72,385
72,sn.4.subj_4,73,11
73,sn.4.subj_4,74,165
74,sn.4.subj_4,75,33
75,sn.4.subj_4,76,179
76,sn.4.subj_4,77,263
77,sn.4.subj_4,78,316
78,sn.4.subj_4,79,89
79,sn.4.subj_4,80,370
80,sn.4.subj_4,81,75
81,sn.4.subj_4,82,245
82,sn.4.subj_4,83,158
83,sn.4.subj_4,84,405
84,sn.4.subj_4,85,455
85,sn.4.subj_4,86,203
86,sn.4.subj_4,87,341
87,sn.4.subj_4,88,246
88,sn.4.subj_4,89,68
89,sn.4.subj_4,90,433
90,sn.4.subj_4,91,158
91,sn.4.subj_4,92,683
92,sn.4.subj_4,93,302
93,sn.4.subj_4,94,63
94,sn.4.subj_4,95,332
95,sn.4.subj_4,96,385
96,sn.4.subj_4,97,224
97,sn.4.subj_4,98,10
98,sn.4.subj_4,99,87
99,sn.4.subj_4,100,73
100,sn.4.subj_4,101,608
101,sn.4.subj_4,102,39
102,sn.4.subj_4,103,234
103,sn.4.subj_4,104,3
0,sn.4.subj_5,1,0
1,sn.4.subj_5,2,0
2,sn.4.subj_5,3,0
3,sn.4.subj_5,4,0
4,sn.4.subj_5,5,0
5,sn.4.subj_5,6,0
6,sn.4.subj_5,7,0
7,sn.4.subj_5,8,0
8,sn.4.subj_5,9,0
9,sn.4.subj_5,10,0
10,sn.4.subj_5,11,0
11,sn.4.subj_5,12,0
12,sn.4.subj_5,13,0
13,sn.4.subj_5,14,0
14,sn.4.subj_5,15,0
15,sn.4.subj_5,16,0
16,sn.4.subj_5,17,0
17,sn.4.subj_5,18,0
18,sn.4.subj_5,19,0
19,sn.4.subj_5,20,0
20,sn.4.subj_5,21,0
21,sn.4.subj_5,22,0
22,sn.4.subj_5,23,0
23,sn.4.subj_5,24,0
24,sn.4.subj_5,25,0
25,sn.4.subj_5,26,0
26,sn.4.subj_5,27,0
27,sn.4.subj_5,28,570
28,sn.4.subj_5,29,877
29,sn.4.subj_5,30,421
30,sn.4.subj_5,31,252
31,sn.4.subj_5,32,0
32,sn.4.subj_5,33,2
33,sn.4.subj_5,34,203
34,sn.4.subj_5,35,1305
35,sn.4.subj_5,36,2559
36,sn.4.subj_5,37,987
37,sn.4.subj_5,38,1010
38,sn.4.subj_5,39,601
39,sn.4.subj_5,40,1220
40,sn.4.subj_5,41,19
41,sn.4.subj_5,42,244
42,sn.4.subj_5,43,9
43,sn.4.subj_5,44,74
44,sn.4.subj_5,45,467
45,sn.4.subj_5,46,108
46,sn.4.subj_5,47,77
47,sn.4.subj_5,48,311
48,sn.4.subj_5,49,137
49,sn.4.subj_5,50,111
50,sn.4.subj_5,51,137
51,sn.4.subj_5,52,147
52,sn.4.subj_5,53,303
53,sn.4.subj_5,54,263
54,sn.4.subj_5,55,1139
55,sn.4.subj_5,56,611
56,sn.4.subj_5,57,1032
57,sn.4.subj_5,58,1412
58,sn.4.subj_5,59,1193
59,sn.4.subj_5,60,127
60,sn.4.subj_5,61,73
61,sn.4.subj_5,62,555
62,sn.4.subj_5,63,949
63,sn.4.subj_5,64,1849
64,sn.4.subj_5,65,967
65,sn.4.subj_5,66,1413
66,sn.4.subj_5,67,349
67,sn.4.subj_5,68,588
68,sn.4.subj_5,69,374
69,sn.4.subj_5,70,369
70,sn.4.subj_5,71,268
71,sn.4.subj_5,72,720
72,sn.4.subj_5,73,15
73,sn.4.subj_5,74,272
74,sn.4.subj_5,75,54
75,sn.4.subj_5,76,325
76,sn.4.subj_5,77,470
77,sn.4.subj_5,78,589
78,sn.4.subj_5,79,192
79,sn.4.subj_5,80,633
80,sn.4.subj_5,81,142
81,sn.4.subj_5,82,455
82,sn.4.subj_5,83,244
83,sn.4.subj_5,84,670
84,sn.4.subj_5,85,825
85,sn.4.subj_5,86,397
86,sn.4.subj_5,87,576
87,sn.4.subj_5,88,502
88,sn.4.subj_5,89,100
89,sn.4.subj_5,90,737
90,sn.4.subj_5,91,291
91,sn.4.subj_5,92,1171
92,sn.4.subj_5,93,477
93,sn.4.subj_5,94,120
94,sn.4.subj_5,95,503
95,sn.4.subj_5,96,726
96,sn.4.subj_5,97,318
97,sn.4.subj_5,98,12
98,sn.4.subj_5,99,131
99,sn.4.subj_5,100,133
100,sn.4.subj_5,101,1010
101,sn.4.subj_5,102,58
102,sn.4.subj_5,103,425
103,sn.4.subj_5,104,13
0,sn.4.subj_6,1,0
1,sn.4.subj_6,2,0
2,sn.4.subj_6,3,0
3,sn.4.subj_6,4,0
4,sn.4.subj_6,5,0
5,sn.4.subj_6,6,0
6,sn.4.subj_6,7,0
7,sn.4.subj_6,8,0
8,sn.4.subj_6,9,0
9,sn.4.subj_6,10,0
10,sn.4.subj_6,11,0
11,sn.4.subj_6,12,0
12,sn.4.subj_6,13,0
13,sn.4.subj_6,14,0
14,sn.4.subj_6,15,0
15,sn.4.subj_6,16,0
16,sn.4.subj_6,17,0
17,sn.4.subj_6,18,0
18,sn.4.subj_6,19,0
19,sn.4.subj_6,20,0
20,sn.4.subj_6,21,0
21,sn.4.subj_6,22,0
22,sn.4.subj_6,23,0
23,sn.4.subj_6,24,0
24,sn.4.subj_6,25,0
25,sn.4.subj_6,26,0
26,sn.4.subj_6,27,0
27,sn.4.subj_6,28,211
28,sn.4.subj_6,29,320
29,sn.4.subj_6,30,154
30,sn.4.subj_6,31,91
31,sn.4.subj_6,32,0
32,sn.4.subj_6,33,0
33,sn.4.subj_6,34,93
34,sn.4.subj_6,35,563
35,sn.4.subj_6,36,947
36,sn.4.subj_6,37,377
37,sn.4.subj_6,38,383
38,sn.4.subj_6,39,230
39,sn.4.subj_6,40,411
40,sn.4.subj_6,41,8
41,sn.4.subj_6,42,114
42,sn.4.subj_6,43,8
43,sn.4.subj_6,44,41
44,sn.4.subj_6,45,206
45,sn.4.subj_6,46,34
46,sn.4.subj_6,47,53
47,sn.4.subj_6,48,129
48,sn.4.subj_6,49,58
49,sn.4.subj_6,50,73
50,sn.4.subj_6,51,49
51,sn.4.subj_6,52,37
52,sn.4.subj_6,53,142
53,sn.4.subj_6,54,125
54,sn.4.subj_6,55,409
55,sn.4.subj_6,56,266
56,sn.4.subj_6,57,441
57,sn.4.subj_6,58,556
58,sn.4.subj_6,59,491
59,sn.4.subj_6,60,30
60,sn.4.subj_6,61,20
61,sn.4.subj_6,62,231
62,sn.4.subj_6,63,350
63,sn.4.subj_6,64,751
64,sn.4.subj_6,65,360
65,sn.4.subj_6,66,584
66,sn.4.subj_6,67,180
67,sn.4.subj_6,68,235
68,sn.4.subj_6,69,151
69,sn.4.subj_6,70,191
70,sn.4.subj_6,71,109
71,sn.4.subj_6,72,319
72,sn.4.subj_6,73,10
73,sn.4.subj_6,74,163
74,sn.4.subj_6,75,23
75,sn.4.subj_6,76,134
76,sn.4.subj_6,77,211
77,sn.4.subj_6,78,274
78,sn.4.subj_6,79,77
79,sn.4.subj_6,80,264
80,sn.4.subj_6,81,60
81,sn.4.subj_6,82,192
82,sn.4.subj_6,83,103
83,sn.4.subj_6,84,289
84,sn.4.subj_6,85,311
85,sn.4.subj_6,86,166
86,sn.4.subj_6,87,252
87,sn.4.subj_6,88,186
88,sn.4.subj_6,89,51
89,sn.4.subj_6,90,333
90,sn.4.subj_6,91,134
91,sn.4.subj_6,92,535
92,sn.4.subj_6,93,192
93,sn.4.subj_6,94,73
94,sn.4.subj_6,95,222
95,sn.4.subj_6,96,273
96,sn.4.subj_6,97,133
97,sn.4.subj_6,98,4
98,sn.4.subj_6,99,77
99,sn.4.subj_6,100,54
100,sn.4.subj_6,101,451
101,sn.4.subj_6,102,27
102,sn.4.subj_6,103,212
103,sn.4.subj_6,104,5
0,sn.4.subj_7,1,0
1,sn.4.subj_7,2,0
2,sn.4.subj_7,3,0
3,sn.4.subj_7,4,0
4,sn.4.subj_7,5,0
5,sn.4.subj_7,6,0
6,sn.4.subj_7,7,0
7,sn.4.subj_7,8,0
8,sn.4.subj_7,9,0
9,sn.4.subj_7,10,0
10,sn.4.subj_7,11,0
11,sn.4.subj_7,12,0
12,sn.4.subj_7,13,0
13,sn.4.subj_7,14,0
14,sn.4.subj_7,15,0
15,sn.4.subj_7,16,0
16,sn.4.subj_7,17,0
17,sn.4.subj_7,18,0
18,sn.4.subj_7,19,0
19,sn.4.subj_7,20,0
20,sn.4.subj_7,21,0
21,sn.4.subj_7,22,0
22,sn.4.subj_7,23,0
23,sn.4.subj_7,24,0
24,sn.4.subj_7,25,0
25,sn.4.subj_7,26,0
26,sn.4.subj_7,27,0
27,sn.4.subj_7,28,479
28,sn.4.subj_7,29,721
29,sn.4.subj_7,30,537
30,sn.4.subj_7,31,159
31,sn.4.subj_7,32,0
32,sn.4.subj_7,33,0
33,sn.4.subj_7,34,141
34,sn.4.subj_7,35,1074
35,sn.4.subj_7,36,2043
36,sn.4.subj_7,37,991
37,sn.4.subj_7,38,1344
38,sn.4.subj_7,39,645
39,sn.4.subj_7,40,1275
40,sn.4.subj_7,41,61
41,sn.4.subj_7,42,324
42,sn.4.subj_7,43,26
43,sn.4.subj_7,44,105
44,sn.4.subj_7,45,245
45,sn.4.subj_7,46,213
46,sn.4.subj_7,47,72
47,sn.4.subj_7,48,308
48,sn.4.subj_7,49,149
49,sn.4.subj_7,50,110
50,sn.4.subj_7,51,180
51,sn.4.subj_7,52,133
52,sn.4.subj_7,53,251
53,sn.4.subj_7,54,170
54,sn.4.subj_7,55,965
55,sn.4.subj_7,56,516
56,sn.4.subj_7,57,773
57,sn.4.subj_7,58,1115
58,sn.4.subj_7,59,602
59,sn.4.subj_7,60,46
60,sn.4.subj_7,61,28
61,sn.4.subj_7,62,250
62,sn.4.subj_7,63,568
63,sn.4.subj_7,64,1209
64,sn.4.subj_7,65,430
65,sn.4.subj_7,66,974
66,sn.4.subj_7,67,218
67,sn.4.subj_7,68,341
68,sn.4.subj_7,69,164
69,sn.4.subj_7,70,308
70,sn.4.subj_7,71,219
71,sn.4.subj_7,72,456
72,sn.4.subj_7,73,2
73,sn.4.subj_7,74,93
74,sn.4.subj_7,75,51
75,sn.4.subj_7,76,220
76,sn.4.subj_7,77,305
77,sn.4.subj_7,78,488
78,sn.4.subj_7,79,162
79,sn.4.subj_7,80,417
80,sn.4.subj_7,81,115
81,sn.4.subj_7,82,308
82,sn.4.subj_7,83,152
83,sn.4.subj_7,84,444
84,sn.4.subj_7,85,491
85,sn.4.subj_7,86,232
86,sn.4.subj_7,87,364
87,sn.4.subj_7,88,284
88,sn.4.subj_7,89,103
89,sn.4.subj_7,90,454
90,sn.4.subj_7,91,200
91,sn.4.subj_7,92,616
92,sn.4.subj_7,93,275
93,sn.4.subj_7,94,96
94,sn.4.subj_7,95,223
95,sn.4.subj_7,96,297
96,sn.4.subj_7,97,210
97,sn.4.subj_7,98,77
98,sn.4.subj_7,99,84
99,sn.4.subj_7,100,59
100,sn.4.subj_7,101,462
101,sn.4.subj_7,102,58
102,sn.4.subj_7,103,188
103,sn.4.subj_7,104,38
0,sp.1.subj_3,1,0
1,sp.1.subj_3,2,0
2,sp.1.subj_3,3,0
3,sp.1.subj_3,4,0
4,sp.1.subj_3,5,0
5,sp.1.subj_3,6,0
6,sp.1.subj_3,7,0
7,sp.1.subj_3,8,0
8,sp.1.subj_3,9,0
9,sp.1.subj_3,10,0
10,sp.1.subj_3,11,0
11,sp.1.subj_3,12,0
12,sp.1.subj_3,13,0
13,sp.1.subj_3,14,0
14,sp.1.subj_3,15,0
15,sp.1.subj_3,16,0
16,sp.1.subj_3,17,0
17,sp.1.subj_3,18,0
18,sp.1.subj_3,19,0
19,sp.1.subj_3,20,0
20,sp.1.subj_3,21,0
21,sp.1.subj_3,22,0
22,sp.1.subj_3,23,0
23,sp.1.subj_3,24,0
24,sp.1.subj_3,25,0
25,sp.1.subj_3,26,0
26,sp.1.subj_3,27,0
27,sp.1.subj_3,28,127
28,sp.1.subj_3,29,268
29,sp.1.subj_3,30,94
30,sp.1.subj_3,31,62
31,sp.1.subj_3,32,0
32,sp.1.subj_3,33,0
33,sp.1.subj_3,34,18
34,sp.1.subj_3,35,390
35,sp.1.subj_3,36,560
36,sp.1.subj_3,37,261
37,sp.1.subj_3,38,399
38,sp.1.subj_3,39,183
39,sp.1.subj_3,40,231
40,sp.1.subj_3,41,48
41,sp.1.subj_3,42,74
42,sp.1.subj_3,43,35
43,sp.1.subj_3,44,42
44,sp.1.subj_3,45,103
45,sp.1.subj_3,46,29
46,sp.1.subj_3,47,24
47,sp.1.subj_3,48,82
48,sp.1.subj_3,49,31
49,sp.1.subj_3,50,52
50,sp.1.subj_3,51,71
51,sp.1.subj_3,52,56
52,sp.1.subj_3,53,82
53,sp.1.subj_3,54,35
54,sp.1.subj_3,55,196
55,sp.1.subj_3,56,156
56,sp.1.subj_3,57,172
57,sp.1.subj_3,58,187
58,sp.1.subj_3,59,122
59,sp.1.subj_3,60,7
60,sp.1.subj_3,61,1
61,sp.1.subj_3,62,55
62,sp.1.subj_3,63,226
63,sp.1.subj_3,64,263
64,sp.1.subj_3,65,160
65,sp.1.subj_3,66,226
66,sp.1.subj_3,67,95
67,sp.1.subj_3,68,78
68,sp.1.subj_3,69,42
69,sp.1.subj_3,70,74
70,sp.1.subj_3,71,74
71,sp.1.subj_3,72,128
72,sp.1.subj_3,73,0
73,sp.1.subj_3,74,90
74,sp.1.subj_3,75,42
75,sp.1.subj_3,76,101
76,sp.1.subj_3,77,171
77,sp.1.subj_3,78,133
78,sp.1.subj_3,79,55
79,sp.1.subj_3,80,109
80,sp.1.subj_3,81,56
81,sp.1.subj_3,82,115
82,sp.1.subj_3,83,90
83,sp.1.subj_3,84,132
84,sp.1.subj_3,85,146
85,sp.1.subj_3,86,134
86,sp.1.subj_3,87,145
87,sp.1.subj_3,88,100
88,sp.1.subj_3,89,69
89,sp.1.subj_3,90,83
90,sp.1.subj_3,91,167
91,sp.1.subj_3,92,167
92,sp.1.subj_3,93,99
93,sp.1.subj_3,94,62
94,sp.1.subj_3,95,68
95,sp.1.subj_3,96,138
96,sp.1.subj_3,97,114
97,sp.1.subj_3,98,41
98,sp.1.subj_3,99,39
99,sp.1.subj_3,100,27
100,sp.1.subj_3,101,206
101,sp.1.subj_3,102,43
102,sp.1.subj_3,103,137
103,sp.1.subj_3,104,51
0,sp.1.subj_4,1,0
1,sp.1.subj_4,2,0
2,sp.1.subj_4,3,0
3,sp.1.subj_4,4,0
4,sp.1.subj_4,5,0
5,sp.1.subj_4,6,0
6,sp.1.subj_4,7,0
7,sp.1.subj_4,8,0
8,sp.1.subj_4,9,0
9,sp.1.subj_4,10,0
10,sp.1.subj_4,11,0
11,sp.1.subj_4,12,0
12,sp.1.subj_4,13,0
13,sp.1.subj_4,14,0
14,sp.1.subj_4,15,0
15,sp.1.subj_4,16,0
16,sp.1.subj_4,17,0
17,sp.1.subj_4,18,0
18,sp.1.subj_4,19,0
19,sp.1.subj_4,20,0
20,sp.1.subj_4,21,0
21,sp.1.subj_4,22,0
22,sp.1.subj_4,23,0
23,sp.1.subj_4,24,0
24,sp.1.subj_4,25,0
25,sp.1.subj_4,26,0
26,sp.1.subj_4,27,0
27,sp.1.subj_4,28,117
28,sp.1.subj_4,29,97
29,sp.1.subj_4,30,87
30,sp.1.subj_4,31,9
31,sp.1.subj_4,32,0
32,sp.1.subj_4,33,0
33,sp.1.subj_4,34,3
34,sp.1.subj_4,35,110
35,sp.1.subj_4,36,363
36,sp.1.subj_4,37,139
37,sp.1.subj_4,38,298
38,sp.1.subj_4,39,115
39,sp.1.subj_4,40,172
40,sp.1.subj_4,41,15
41,sp.1.subj_4,42,35
42,sp.1.subj_4,43,9
43,sp.1.subj_4,44,29
44,sp.1.subj_4,45,72
45,sp.1.subj_4,46,24
46,sp.1.subj_4,47,9
47,sp.1.subj_4,48,65
48,sp.1.subj_4,49,9
49,sp.1.subj_4,50,18
50,sp.1.subj_4,51,36
51,sp.1.subj_4,52,12
52,sp.1.subj_4,53,34
53,sp.1.subj_4,54,65
54,sp.1.subj_4,55,114
55,sp.1.subj_4,56,96
56,sp.1.subj_4,57,132
57,sp.1.subj_4,58,98
58,sp.1.subj_4,59,87
59,sp.1.subj_4,60,1
60,sp.1.subj_4,61,0
61,sp.1.subj_4,62,34
62,sp.1.subj_4,63,196
63,sp.1.subj_4,64,156
64,sp.1.subj_4,65,90
65,sp.1.subj_4,66,104
66,sp.1.subj_4,67,44
67,sp.1.subj_4,68,51
68,sp.1.subj_4,69,70
69,sp.1.subj_4,70,33
70,sp.1.subj_4,71,54
71,sp.1.subj_4,72,98
72,sp.1.subj_4,73,0
73,sp.1.subj_4,74,15
74,sp.1.subj_4,75,9
75,sp.1.subj_4,76,70
76,sp.1.subj_4,77,51
77,sp.1.subj_4,78,86
78,sp.1.subj_4,79,32
79,sp.1.subj_4,80,32
80,sp.1.subj_4,81,58
81,sp.1.subj_4,82,81
82,sp.1.subj_4,83,74
83,sp.1.subj_4,84,65
84,sp.1.subj_4,85,61
85,sp.1.subj_4,86,95
86,sp.1.subj_4,87,70
87,sp.1.subj_4,88,92
88,sp.1.subj_4,89,24
89,sp.1.subj_4,90,52
90,sp.1.subj_4,91,25
91,sp.1.subj_4,92,50
92,sp.1.subj_4,93,47
93,sp.1.subj_4,94,21
94,sp.1.subj_4,95,47
95,sp.1.subj_4,96,91
96,sp.1.subj_4,97,55
97,sp.1.subj_4,98,11
98,sp.1.subj_4,99,24
99,sp.1.subj_4,100,20
100,sp.1.subj_4,101,40
101,sp.1.subj_4,102,26
102,sp.1.subj_4,103,49
103,sp.1.subj_4,104,18
0,sp.1.subj_5,1,0
1,sp.1.subj_5,2,0
2,sp.1.subj_5,3,0
3,sp.1.subj_5,4,0
4,sp.1.subj_5,5,0
5,sp.1.subj_5,6,0
6,sp.1.subj_5,7,0
7,sp.1.subj_5,8,0
8,sp.1.subj_5,9,0
9,sp.1.subj_5,10,0
10,sp.1.subj_5,11,0
11,sp.1.subj_5,12,0
12,sp.1.subj_5,13,0
13,sp.1.subj_5,14,0
14,sp.1.subj_5,15,0
15,sp.1.subj_5,16,0
16,sp.1.subj_5,17,0
17,sp.1.subj_5,18,0
18,sp.1.subj_5,19,0
19,sp.1.subj_5,20,0
20,sp.1.subj_5,21,0
21,sp.1.subj_5,22,0
22,sp.1.subj_5,23,0
23,sp.1.subj_5,24,0
24,sp.1.subj_5,25,0
25,sp.1.subj_5,26,0
26,sp.1.subj_5,27,0
27,sp.1.subj_5,28,246
28,sp.1.subj_5,29,451
29,sp.1.subj_5,30,87
30,sp.1.subj_5,31,28
31,sp.1.subj_5,32,0
32,sp.1.subj_5,33,1
33,sp.1.subj_5,34,22
34,sp.1.subj_5,35,449
35,sp.1.subj_5,36,935
36,sp.1.subj_5,37,443
37,sp.1.subj_5,38,432
38,sp.1.subj_5,39,245
39,sp.1.subj_5,40,540
40,sp.1.subj_5,41,29
41,sp.1.subj_5,42,49
42,sp.1.subj_5,43,16
43,sp.1.subj_5,44,53
44,sp.1.subj_5,45,112
45,sp.1.subj_5,46,51
46,sp.1.subj_5,47,26
47,sp.1.subj_5,48,71
48,sp.1.subj_5,49,10
49,sp.1.subj_5,50,55
50,sp.1.subj_5,51,55
51,sp.1.subj_5,52,29
52,sp.1.subj_5,53,55
53,sp.1.subj_5,54,47
54,sp.1.subj_5,55,245
55,sp.1.subj_5,56,161
56,sp.1.subj_5,57,199
57,sp.1.subj_5,58,349
58,sp.1.subj_5,59,156
59,sp.1.subj_5,60,0
60,sp.1.subj_5,61,1
61,sp.1.subj_5,62,95
62,sp.1.subj_5,63,334
63,sp.1.subj_5,64,340
64,sp.1.subj_5,65,293
65,sp.1.subj_5,66,369
66,sp.1.subj_5,67,54
67,sp.1.subj_5,68,210
68,sp.1.subj_5,69,96
69,sp.1.subj_5,70,151
70,sp.1.subj_5,71,113
71,sp.1.subj_5,72,169
72,sp.1.subj_5,73,6
73,sp.1.subj_5,74,37
74,sp.1.subj_5,75,37
75,sp.1.subj_5,76,91
76,sp.1.subj_5,77,122
77,sp.1.subj_5,78,200
78,sp.1.subj_5,79,97
79,sp.1.subj_5,80,171
80,sp.1.subj_5,81,72
81,sp.1.subj_5,82,180
82,sp.1.subj_5,83,77
83,sp.1.subj_5,84,199
84,sp.1.subj_5,85,227
85,sp.1.subj_5,86,94
86,sp.1.subj_5,87,156
87,sp.1.subj_5,88,174
88,sp.1.subj_5,89,56
89,sp.1.subj_5,90,67
90,sp.1.subj_5,91,89
91,sp.1.subj_5,92,140
92,sp.1.subj_5,93,99
93,sp.1.subj_5,94,24
94,sp.1.subj_5,95,84
95,sp.1.subj_5,96,168
96,sp.1.subj_5,97,100
97,sp.1.subj_5,98,25
98,sp.1.subj_5,99,48
99,sp.1.subj_5,100,34
100,sp.1.subj_5,101,148
101,sp.1.subj_5,102,30
102,sp.1.subj_5,103,53
103,sp.1.subj_5,104,18
0,sp.1.subj_6,1,0
1,sp.1.subj_6,2,0
2,sp.1.subj_6,3,0
3,sp.1.subj_6,4,0
4,sp.1.subj_6,5,0
5,sp.1.subj_6,6,0
6,sp.1.subj_6,7,0
7,sp.1.subj_6,8,0
8,sp.1.subj_6,9,0
9,sp.1.subj_6,10,0
10,sp.1.subj_6,11,0
11,sp.1.subj_6,12,0
12,sp.1.subj_6,13,0
13,sp.1.subj_6,14,0
14,sp.1.subj_6,15,0
15,sp.1.subj_6,16,0
16,sp.1.subj_6,17,0
17,sp.1.subj_6,18,0
18,sp.1.subj_6,19,0
19,sp.1.subj_6,20,0
20,sp.1.subj_6,21,0
21,sp.1.subj_6,22,0
22,sp.1.subj_6,23,0
23,sp.1.subj_6,24,0
24,sp.1.subj_6,25,0
25,sp.1.subj_6,26,0
26,sp.1.subj_6,27,0
27,sp.1.subj_6,28,41
28,sp.1.subj_6,29,29
29,sp.1.subj_6,30,32
30,sp.1.subj_6,31,18
31,sp.1.subj_6,32,0
32,sp.1.subj_6,33,0
33,sp.1.subj_6,34,4
34,sp.1.subj_6,35,51
35,sp.1.subj_6,36,82
36,sp.1.subj_6,37,62
37,sp.1.subj_6,38,88
38,sp.1.subj_6,39,44
39,sp.1.subj_6,40,71
40,sp.1.subj_6,41,41
41,sp.1.subj_6,42,18
42,sp.1.subj_6,43,24
43,sp.1.subj_6,44,42
44,sp.1.subj_6,45,23
45,sp.1.subj_6,46,27
46,sp.1.subj_6,47,14
47,sp.1.subj_6,48,32
48,sp.1.subj_6,49,22
49,sp.1.subj_6,50,20
50,sp.1.subj_6,51,25
51,sp.1.subj_6,52,50
52,sp.1.subj_6,53,44
53,sp.1.subj_6,54,23
54,sp.1.subj_6,55,44
55,sp.1.subj_6,56,33
56,sp.1.subj_6,57,61
57,sp.1.subj_6,58,64
58,sp.1.subj_6,59,36
59,sp.1.subj_6,60,0
60,sp.1.subj_6,61,0
61,sp.1.subj_6,62,16
62,sp.1.subj_6,63,68
63,sp.1.subj_6,64,55
64,sp.1.subj_6,65,50
65,sp.1.subj_6,66,46
66,sp.1.subj_6,67,28
67,sp.1.subj_6,68,53
68,sp.1.subj_6,69,21
69,sp.1.subj_6,70,30
70,sp.1.subj_6,71,29
71,sp.1.subj_6,72,76
72,sp.1.subj_6,73,0
73,sp.1.subj_6,74,25
74,sp.1.subj_6,75,25
75,sp.1.subj_6,76,29
76,sp.1.subj_6,77,24
77,sp.1.subj_6,78,87
78,sp.1.subj_6,79,29
79,sp.1.subj_6,80,47
80,sp.1.subj_6,81,30
81,sp.1.subj_6,82,36
82,sp.1.subj_6,83,31
83,sp.1.subj_6,84,49
84,sp.1.subj_6,85,33
85,sp.1.subj_6,86,36
86,sp.1.subj_6,87,28
87,sp.1.subj_6,88,60
88,sp.1.subj_6,89,23
89,sp.1.subj_6,90,55
90,sp.1.subj_6,91,23
91,sp.1.subj_6,92,44
92,sp.1.subj_6,93,39
93,sp.1.subj_6,94,19
94,sp.1.subj_6,95,36
95,sp.1.subj_6,96,54
96,sp.1.subj_6,97,23
97,sp.1.subj_6,98,27
98,sp.1.subj_6,99,30
99,sp.1.subj_6,100,12
100,sp.1.subj_6,101,29
101,sp.1.subj_6,102,28
102,sp.1.subj_6,103,52
103,sp.1.subj_6,104,37
0,sp.1.subj_7,1,0
1,sp.1.subj_7,2,0
2,sp.1.subj_7,3,0
3,sp.1.subj_7,4,0
4,sp.1.subj_7,5,0
5,sp.1.subj_7,6,0
6,sp.1.subj_7,7,0
7,sp.1.subj_7,8,0
8,sp.1.subj_7,9,0
9,sp.1.subj_7,10,0
10,sp.1.subj_7,11,0
11,sp.1.subj_7,12,0
12,sp.1.subj_7,13,0
13,sp.1.subj_7,14,0
14,sp.1.subj_7,15,0
15,sp.1.subj_7,16,0
16,sp.1.subj_7,17,0
17,sp.1.subj_7,18,0
18,sp.1.subj_7,19,0
19,sp.1.subj_7,20,0
20,sp.1.subj_7,21,0
21,sp.1.subj_7,22,0
22,sp.1.subj_7,23,0
23,sp.1.subj_7,24,0
24,sp.1.subj_7,25,0
25,sp.1.subj_7,26,0
26,sp.1.subj_7,27,0
27,sp.1.subj_7,28,0
28,sp.1.subj_7,29,0
29,sp.1.subj_7,30,0
30,sp.1.subj_7,31,0
31,sp.1.subj_7,32,0
32,sp.1.subj_7,33,0
33,sp.1.subj_7,34,0
34,sp.1.subj_7,35,2
35,sp.1.subj_7,36,1
36,sp.1.subj_7,37,0
37,sp.1.subj_7,38,2
38,sp.1.subj_7,39,1
39,sp.1.subj_7,40,2
40,sp.1.subj_7,41,0
41,sp.1.subj_7,42,0
42,sp.1.subj_7,43,3
43,sp.1.subj_7,44,0
44,sp.1.subj_7,45,3
45,sp.1.subj_7,46,0
46,sp.1.subj_7,47,0
47,sp.1.subj_7,48,1
48,sp.1.subj_7,49,0
49,sp.1.subj_7,50,0
50,sp.1.subj_7,51,0
51,sp.1.subj_7,52,0
52,sp.1.subj_7,53,1
53,sp.1.subj_7,54,0
54,sp.1.subj_7,55,2
55,sp.1.subj_7,56,0
56,sp.1.subj_7,57,3
57,sp.1.subj_7,58,0
58,sp.1.subj_7,59,3
59,sp.1.subj_7,60,0
60,sp.1.subj_7,61,0
61,sp.1.subj_7,62,0
62,sp.1.subj_7,63,0
63,sp.1.subj_7,64,2
64,sp.1.subj_7,65,0
65,sp.1.subj_7,66,0
66,sp.1.subj_7,67,0
67,sp.1.subj_7,68,3
68,sp.1.subj_7,69,1
69,sp.1.subj_7,70,0
70,sp.1.subj_7,71,0
71,sp.1.subj_7,72,1
72,sp.1.subj_7,73,0
73,sp.1.subj_7,74,0
74,sp.1.subj_7,75,1
75,sp.1.subj_7,76,1
76,sp.1.subj_7,77,0
77,sp.1.subj_7,78,2
78,sp.1.subj_7,79,0
79,sp.1.subj_7,80,3
80,sp.1.subj_7,81,0
81,sp.1.subj_7,82,0
82,sp.1.subj_7,83,0
83,sp.1.subj_7,84,2
84,sp.1.subj_7,85,1
85,sp.1.subj_7,86,0
86,sp.1.subj_7,87,0
87,sp.1.subj_7,88,0
88,sp.1.subj_7,89,0
89,sp.1.subj_7,90,2
90,sp.1.subj_7,91,0
91,sp.1.subj_7,92,0
92,sp.1.subj_7,93,1
93,sp.1.subj_7,94,0
94,sp.1.subj_7,95,1
95,sp.1.subj_7,96,0
96,sp.1.subj_7,97,1
97,sp.1.subj_7,98,0
98,sp.1.subj_7,99,2
99,sp.1.subj_7,100,0
100,sp.1.subj_7,101,0
101,sp.1.subj_7,102,0
102,sp.1.subj_7,103,0
103,sp.1.subj_7,104,0
0,sp.2.subj_3,1,0
1,sp.2.subj_3,2,0
2,sp.2.subj_3,3,0
3,sp.2.subj_3,4,0
4,sp.2.subj_3,5,0
5,sp.2.subj_3,6,0
6,sp.2.subj_3,7,0
7,sp.2.subj_3,8,0
8,sp.2.subj_3,9,0
9,sp.2.subj_3,10,0
10,sp.2.subj_3,11,0
11,sp.2.subj_3,12,0
12,sp.2.subj_3,13,0
13,sp.2.subj_3,14,0
14,sp.2.subj_3,15,0
15,sp.2.subj_3,16,0
16,sp.2.subj_3,17,0
17,sp.2.subj_3,18,0
18,sp.2.subj_3,19,0
19,sp.2.subj_3,20,0
20,sp.2.subj_3,21,0
21,sp.2.subj_3,22,0
22,sp.2.subj_3,23,0
23,sp.2.subj_3,24,0
24,sp.2.subj_3,25,0
25,sp.2.subj_3,26,0
26,sp.2.subj_3,27,0
27,sp.2.subj_3,28,259
28,sp.2.subj_3,29,546
29,sp.2.subj_3,30,194
30,sp.2.subj_3,31,23
31,sp.2.subj_3,32,0
32,sp.2.subj_3,33,0
33,sp.2.subj_3,34,41
34,sp.2.subj_3,35,496
35,sp.2.subj_3,36,1144
36,sp.2.subj_3,37,567
37,sp.2.subj_3,38,823
38,sp.2.subj_3,39,367
39,sp.2.subj_3,40,515
40,sp.2.subj_3,41,35
41,sp.2.subj_3,42,102
42,sp.2.subj_3,43,27
43,sp.2.subj_3,44,84
44,sp.2.subj_3,45,114
45,sp.2.subj_3,46,66
46,sp.2.subj_3,47,23
47,sp.2.subj_3,48,140
48,sp.2.subj_3,49,56
49,sp.2.subj_3,50,43
50,sp.2.subj_3,51,61
51,sp.2.subj_3,52,31
52,sp.2.subj_3,53,90
53,sp.2.subj_3,54,77
54,sp.2.subj_3,55,452
55,sp.2.subj_3,56,158
56,sp.2.subj_3,57,314
57,sp.2.subj_3,58,460
58,sp.2.subj_3,59,285
59,sp.2.subj_3,60,14
60,sp.2.subj_3,61,1
61,sp.2.subj_3,62,120
62,sp.2.subj_3,63,402
63,sp.2.subj_3,64,503
64,sp.2.subj_3,65,321
65,sp.2.subj_3,66,454
66,sp.2.subj_3,67,165
67,sp.2.subj_3,68,240
68,sp.2.subj_3,69,108
69,sp.2.subj_3,70,98
70,sp.2.subj_3,71,163
71,sp.2.subj_3,72,295
72,sp.2.subj_3,73,1
73,sp.2.subj_3,74,72
74,sp.2.subj_3,75,41
75,sp.2.subj_3,76,128
76,sp.2.subj_3,77,135
77,sp.2.subj_3,78,224
78,sp.2.subj_3,79,63
79,sp.2.subj_3,80,121
80,sp.2.subj_3,81,109
81,sp.2.subj_3,82,209
82,sp.2.subj_3,83,225
83,sp.2.subj_3,84,179
84,sp.2.subj_3,85,259
85,sp.2.subj_3,86,289
86,sp.2.subj_3,87,135
87,sp.2.subj_3,88,143
88,sp.2.subj_3,89,57
89,sp.2.subj_3,90,126
90,sp.2.subj_3,91,97
91,sp.2.subj_3,92,253
92,sp.2.subj_3,93,80
93,sp.2.subj_3,94,63
94,sp.2.subj_3,95,99
95,sp.2.subj_3,96,245
96,sp.2.subj_3,97,167
97,sp.2.subj_3,98,45
98,sp.2.subj_3,99,103
99,sp.2.subj_3,100,36
100,sp.2.subj_3,101,209
101,sp.2.subj_3,102,51
102,sp.2.subj_3,103,84
103,sp.2.subj_3,104,39
0,sp.2.subj_4,1,0
1,sp.2.subj_4,2,0
2,sp.2.subj_4,3,0
3,sp.2.subj_4,4,0
4,sp.2.subj_4,5,0
5,sp.2.subj_4,6,0
6,sp.2.subj_4,7,0
7,sp.2.subj_4,8,0
8,sp.2.subj_4,9,0
9,sp.2.subj_4,10,0
10,sp.2.subj_4,11,0
11,sp.2.subj_4,12,0
12,sp.2.subj_4,13,0
13,sp.2.subj_4,14,0
14,sp.2.subj_4,15,0
15,sp.2.subj_4,16,0
16,sp.2.subj_4,17,0
17,sp.2.subj_4,18,0
18,sp.2.subj_4,19,0
19,sp.2.subj_4,20,0
20,sp.2.subj_4,21,0
21,sp.2.subj_4,22,0
22,sp.2.subj_4,23,0
23,sp.2.subj_4,24,0
24,sp.2.subj_4,25,0
25,sp.2.subj_4,26,0
26,sp.2.subj_4,27,0
27,sp.2.subj_4,28,68
28,sp.2.subj_4,29,171
29,sp.2.subj_4,30,137
30,sp.2.subj_4,31,3
31,sp.2.subj_4,32,0
32,sp.2.subj_4,33,0
33,sp.2.subj_4,34,4
34,sp.2.subj_4,35,175
35,sp.2.subj_4,36,359
36,sp.2.subj_4,37,154
37,sp.2.subj_4,38,313
38,sp.2.subj_4,39,82
39,sp.2.subj_4,40,229
40,sp.2.subj_4,41,28
41,sp.2.subj_4,42,43
42,sp.2.subj_4,43,15
43,sp.2.subj_4,44,42
44,sp.2.subj_4,45,71
45,sp.2.subj_4,46,29
46,sp.2.subj_4,47,9
47,sp.2.subj_4,48,58
48,sp.2.subj_4,49,8
49,sp.2.subj_4,50,24
50,sp.2.subj_4,51,35
51,sp.2.subj_4,52,28
52,sp.2.subj_4,53,45
53,sp.2.subj_4,54,24
54,sp.2.subj_4,55,152
55,sp.2.subj_4,56,83
56,sp.2.subj_4,57,94
57,sp.2.subj_4,58,76
58,sp.2.subj_4,59,50
59,sp.2.subj_4,60,4
60,sp.2.subj_4,61,4
61,sp.2.subj_4,62,15
62,sp.2.subj_4,63,107
63,sp.2.subj_4,64,93
64,sp.2.subj_4,65,65
65,sp.2.subj_4,66,138
66,sp.2.subj_4,67,50
67,sp.2.subj_4,68,48
68,sp.2.subj_4,69,39
69,sp.2.subj_4,70,27
70,sp.2.subj_4,71,27
71,sp.2.subj_4,72,60
72,sp.2.subj_4,73,2
73,sp.2.subj_4,74,30
74,sp.2.subj_4,75,19
75,sp.2.subj_4,76,42
76,sp.2.subj_4,77,80
77,sp.2.subj_4,78,61
78,sp.2.subj_4,79,35
79,sp.2.subj_4,80,56
80,sp.2.subj_4,81,58
81,sp.2.subj_4,82,98
82,sp.2.subj_4,83,82
83,sp.2.subj_4,84,93
84,sp.2.subj_4,85,68
85,sp.2.subj_4,86,150
86,sp.2.subj_4,87,41
87,sp.2.subj_4,88,51
88,sp.2.subj_4,89,36
89,sp.2.subj_4,90,54
90,sp.2.subj_4,91,37
91,sp.2.subj_4,92,75
92,sp.2.subj_4,93,54
93,sp.2.subj_4,94,29
94,sp.2.subj_4,95,38
95,sp.2.subj_4,96,145
96,sp.2.subj_4,97,50
97,sp.2.subj_4,98,28
98,sp.2.subj_4,99,39
99,sp.2.subj_4,100,14
100,sp.2.subj_4,101,172
101,sp.2.subj_4,102,24
102,sp.2.subj_4,103,59
103,sp.2.subj_4,104,17
0,sp.2.subj_5,1,0
1,sp.2.subj_5,2,0
2,sp.2.subj_5,3,0
3,sp.2.subj_5,4,0
4,sp.2.subj_5,5,0
5,sp.2.subj_5,6,0
6,sp.2.subj_5,7,0
7,sp.2.subj_5,8,0
8,sp.2.subj_5,9,0
9,sp.2.subj_5,10,0
10,sp.2.subj_5,11,0
11,sp.2.subj_5,12,0
12,sp.2.subj_5,13,0
13,sp.2.subj_5,14,0
14,sp.2.subj_5,15,0
15,sp.2.subj_5,16,0
16,sp.2.subj_5,17,0
17,sp.2.subj_5,18,0
18,sp.2.subj_5,19,0
19,sp.2.subj_5,20,0
20,sp.2.subj_5,21,0
21,sp.2.subj_5,22,0
22,sp.2.subj_5,23,0
23,sp.2.subj_5,24,0
24,sp.2.subj_5,25,0
25,sp.2.subj_5,26,0
26,sp.2.subj_5,27,0
27,sp.2.subj_5,28,253
28,sp.2.subj_5,29,289
29,sp.2.subj_5,30,149
30,sp.2.subj_5,31,84
31,sp.2.subj_5,32,0
32,sp.2.subj_5,33,1
33,sp.2.subj_5,34,62
34,sp.2.subj_5,35,509
35,sp.2.subj_5,36,1009
36,sp.2.subj_5,37,353
37,sp.2.subj_5,38,462
38,sp.2.subj_5,39,248
39,sp.2.subj_5,40,410
40,sp.2.subj_5,41,22
41,sp.2.subj_5,42,30
42,sp.2.subj_5,43,1
43,sp.2.subj_5,44,24
44,sp.2.subj_5,45,105
45,sp.2.subj_5,46,40
46,sp.2.subj_5,47,17
47,sp.2.subj_5,48,74
48,sp.2.subj_5,49,14
49,sp.2.subj_5,50,12
50,sp.2.subj_5,51,83
51,sp.2.subj_5,52,49
52,sp.2.subj_5,53,43
53,sp.2.subj_5,54,44
54,sp.2.subj_5,55,291
55,sp.2.subj_5,56,125
56,sp.2.subj_5,57,226
57,sp.2.subj_5,58,274
58,sp.2.subj_5,59,175
59,sp.2.subj_5,60,3
60,sp.2.subj_5,61,3
61,sp.2.subj_5,62,70
62,sp.2.subj_5,63,275
63,sp.2.subj_5,64,422
64,sp.2.subj_5,65,203
65,sp.2.subj_5,66,302
66,sp.2.subj_5,67,194
67,sp.2.subj_5,68,141
68,sp.2.subj_5,69,127
69,sp.2.subj_5,70,66
70,sp.2.subj_5,71,63
71,sp.2.subj_5,72,230
72,sp.2.subj_5,73,0
73,sp.2.subj_5,74,38
74,sp.2.subj_5,75,28
75,sp.2.subj_5,76,91
76,sp.2.subj_5,77,110
77,sp.2.subj_5,78,165
78,sp.2.subj_5,79,36
79,sp.2.subj_5,80,135
80,sp.2.subj_5,81,29
81,sp.2.subj_5,82,94
82,sp.2.subj_5,83,83
83,sp.2.subj_5,84,144
84,sp.2.subj_5,85,134
85,sp.2.subj_5,86,80
86,sp.2.subj_5,87,170
87,sp.2.subj_5,88,87
88,sp.2.subj_5,89,41
89,sp.2.subj_5,90,112
90,sp.2.subj_5,91,57
91,sp.2.subj_5,92,248
92,sp.2.subj_5,93,95
93,sp.2.subj_5,94,18
94,sp.2.subj_5,95,103
95,sp.2.subj_5,96,217
96,sp.2.subj_5,97,86
97,sp.2.subj_5,98,9
98,sp.2.subj_5,99,26
99,sp.2.subj_5,100,17
100,sp.2.subj_5,101,135
101,sp.2.subj_5,102,23
102,sp.2.subj_5,103,51
103,sp.2.subj_5,104,9
0,sp.2.subj_6,1,0
1,sp.2.subj_6,2,0
2,sp.2.subj_6,3,0
3,sp.2.subj_6,4,0
4,sp.2.subj_6,5,0
5,sp.2.subj_6,6,0
6,sp.2.subj_6,7,0
7,sp.2.subj_6,8,0
8,sp.2.subj_6,9,0
9,sp.2.subj_6,10,0
10,sp.2.subj_6,11,0
11,sp.2.subj_6,12,0
12,sp.2.subj_6,13,0
13,sp.2.subj_6,14,0
14,sp.2.subj_6,15,0
15,sp.2.subj_6,16,0
16,sp.2.subj_6,17,0
17,sp.2.subj_6,18,0
18,sp.2.subj_6,19,0
19,sp.2.subj_6,20,0
20,sp.2.subj_6,21,0
21,sp.2.subj_6,22,0
22,sp.2.subj_6,23,0
23,sp.2.subj_6,24,0
24,sp.2.subj_6,25,0
25,sp.2.subj_6,26,0
26,sp.2.subj_6,27,0
27,sp.2.subj_6,28,77
28,sp.2.subj_6,29,131
29,sp.2.subj_6,30,55
30,sp.2.subj_6,31,11
31,sp.2.subj_6,32,0
32,sp.2.subj_6,33,0
33,sp.2.subj_6,34,2
34,sp.2.subj_6,35,228
35,sp.2.subj_6,36,337
36,sp.2.subj_6,37,99
37,sp.2.subj_6,38,196
38,sp.2.subj_6,39,124
39,sp.2.subj_6,40,160
40,sp.2.subj_6,41,26
41,sp.2.subj_6,42,30
42,sp.2.subj_6,43,20
43,sp.2.subj_6,44,46
44,sp.2.subj_6,45,65
45,sp.2.subj_6,46,47
46,sp.2.subj_6,47,32
47,sp.2.subj_6,48,41
48,sp.2.subj_6,49,30
49,sp.2.subj_6,50,15
50,sp.2.subj_6,51,29
51,sp.2.subj_6,52,29
52,sp.2.subj_6,53,36
53,sp.2.subj_6,54,19
54,sp.2.subj_6,55,108
55,sp.2.subj_6,56,47
56,sp.2.subj_6,57,115
57,sp.2.subj_6,58,75
58,sp.2.subj_6,59,113
59,sp.2.subj_6,60,0
60,sp.2.subj_6,61,0
61,sp.2.subj_6,62,72
62,sp.2.subj_6,63,121
63,sp.2.subj_6,64,114
64,sp.2.subj_6,65,86
65,sp.2.subj_6,66,130
66,sp.2.subj_6,67,75
67,sp.2.subj_6,68,57
68,sp.2.subj_6,69,24
69,sp.2.subj_6,70,90
70,sp.2.subj_6,71,32
71,sp.2.subj_6,72,66
72,sp.2.subj_6,73,0
73,sp.2.subj_6,74,23
74,sp.2.subj_6,75,30
75,sp.2.subj_6,76,36
76,sp.2.subj_6,77,56
77,sp.2.subj_6,78,75
78,sp.2.subj_6,79,28
79,sp.2.subj_6,80,134
80,sp.2.subj_6,81,36
81,sp.2.subj_6,82,140
82,sp.2.subj_6,83,69
83,sp.2.subj_6,84,112
84,sp.2.subj_6,85,135
85,sp.2.subj_6,86,105
86,sp.2.subj_6,87,37
87,sp.2.subj_6,88,75
88,sp.2.subj_6,89,35
89,sp.2.subj_6,90,50
90,sp.2.subj_6,91,41
91,sp.2.subj_6,92,67
92,sp.2.subj_6,93,34
93,sp.2.subj_6,94,34
94,sp.2.subj_6,95,24
95,sp.2.subj_6,96,105
96,sp.2.subj_6,97,39
97,sp.2.subj_6,98,28
98,sp.2.subj_6,99,42
99,sp.2.subj_6,100,20
100,sp.2.subj_6,101,122
101,sp.2.subj_6,102,62
102,sp.2.subj_6,103,56
103,sp.2.subj_6,104,27
0,sp.2.subj_7,1,0
1,sp.2.subj_7,2,0
2,sp.2.subj_7,3,0
3,sp.2.subj_7,4,0
4,sp.2.subj_7,5,0
5,sp.2.subj_7,6,0
6,sp.2.subj_7,7,0
7,sp.2.subj_7,8,0
8,sp.2.subj_7,9,0
9,sp.2.subj_7,10,0
10,sp.2.subj_7,11,0
11,sp.2.subj_7,12,0
12,sp.2.subj_7,13,0
13,sp.2.subj_7,14,0
14,sp.2.subj_7,15,0
15,sp.2.subj_7,16,0
16,sp.2.subj_7,17,0
17,sp.2.subj_7,18,0
18,sp.2.subj_7,19,0
19,sp.2.subj_7,20,0
20,sp.2.subj_7,21,0
21,sp.2.subj_7,22,0
22,sp.2.subj_7,23,0
23,sp.2.subj_7,24,0
24,sp.2.subj_7,25,0
25,sp.2.subj_7,26,0
26,sp.2.subj_7,27,0
27,sp.2.subj_7,28,11
28,sp.2.subj_7,29,4
29,sp.2.subj_7,30,9
30,sp.2.subj_7,31,0
31,sp.2.subj_7,32,0
32,sp.2.subj_7,33,0
33,sp.2.subj_7,34,0
34,sp.2.subj_7,35,23
35,sp.2.subj_7,36,19
36,sp.2.subj_7,37,25
37,sp.2.subj_7,38,29
38,sp.2.subj_7,39,12
39,sp.2.subj_7,40,26
40,sp.2.subj_7,41,6
41,sp.2.subj_7,42,12
42,sp.2.subj_7,43,3
43,sp.2.subj_7,44,7
44,sp.2.subj_7,45,10
45,sp.2.subj_7,46,5
46,sp.2.subj_7,47,11
47,sp.2.subj_7,48,15
48,sp.2.subj_7,49,9
49,sp.2.subj_7,50,5
50,sp.2.subj_7,51,8
51,sp.2.subj_7,52,9
52,sp.2.subj_7,53,9
53,sp.2.subj_7,54,12
54,sp.2.subj_7,55,23
55,sp.2.subj_7,56,9
56,sp.2.subj_7,57,7
57,sp.2.subj_7,58,16
58,sp.2.subj_7,59,19
59,sp.2.subj_7,60,0
60,sp.2.subj_7,61,0
61,sp.2.subj_7,62,12
62,sp.2.subj_7,63,21
63,sp.2.subj_7,64,9
64,sp.2.subj_7,65,15
65,sp.2.subj_7,66,19
66,sp.2.subj_7,67,17
67,sp.2.subj_7,68,11
68,sp.2.subj_7,69,7
69,sp.2.subj_7,70,8
70,sp.2.subj_7,71,7
71,sp.2.subj_7,72,12
72,sp.2.subj_7,73,0
73,sp.2.subj_7,74,5
74,sp.2.subj_7,75,9
75,sp.2.subj_7,76,15
76,sp.2.subj_7,77,6
77,sp.2.subj_7,78,18
78,sp.2.subj_7,79,9
79,sp.2.subj_7,80,5
80,sp.2.subj_7,81,11
81,sp.2.subj_7,82,10
82,sp.2.subj_7,83,15
83,sp.2.subj_7,84,14
84,sp.2.subj_7,85,11
85,sp.2.subj_7,86,15
86,sp.2.subj_7,87,3
87,sp.2.subj_7,88,5
88,sp.2.subj_7,89,5
89,sp.2.subj_7,90,8
90,sp.2.subj_7,91,5
91,sp.2.subj_7,92,18
92,sp.2.subj_7,93,12
93,sp.2.subj_7,94,5
94,sp.2.subj_7,95,6
95,sp.2.subj_7,96,24
96,sp.2.subj_7,97,9
97,sp.2.subj_7,98,8
98,sp.2.subj_7,99,7
99,sp.2.subj_7,100,4
100,sp.2.subj_7,101,16
101,sp.2.subj_7,102,9
102,sp.2.subj_7,103,8
103,sp.2.subj_7,104,8
0,sp.4.subj_3,1,0
1,sp.4.subj_3,2,0
2,sp.4.subj_3,3,0
3,sp.4.subj_3,4,0
4,sp.4.subj_3,5,0
5,sp.4.subj_3,6,0
6,sp.4.subj_3,7,0
7,sp.4.subj_3,8,0
8,sp.4.subj_3,9,0
9,sp.4.subj_3,10,0
10,sp.4.subj_3,11,0
11,sp.4.subj_3,12,0
12,sp.4.subj_3,13,0
13,sp.4.subj_3,14,0
14,sp.4.subj_3,15,0
15,sp.4.subj_3,16,0
16,sp.4.subj_3,17,0
17,sp.4.subj_3,18,0
18,sp.4.subj_3,19,0
19,sp.4.subj_3,20,0
20,sp.4.subj_3,21,0
21,sp.4.subj_3,22,0
22,sp.4.subj_3,23,0
23,sp.4.subj_3,24,0
24,sp.4.subj_3,25,0
25,sp.4.subj_3,26,0
26,sp.4.subj_3,27,0
27,sp.4.subj_3,28,147
28,sp.4.subj_3,29,149
29,sp.4.subj_3,30,109
30,sp.4.subj_3,31,21
31,sp.4.subj_3,32,0
32,sp.4.subj_3,33,0
33,sp.4.subj_3,34,26
34,sp.4.subj_3,35,184
35,sp.4.subj_3,36,441
36,sp.4.subj_3,37,357
37,sp.4.subj_3,38,370
38,sp.4.subj_3,39,131
39,sp.4.subj_3,40,209
40,sp.4.subj_3,41,37
41,sp.4.subj_3,42,68
42,sp.4.subj_3,43,22
43,sp.4.subj_3,44,39
44,sp.4.subj_3,45,62
45,sp.4.subj_3,46,40
46,sp.4.subj_3,47,11
47,sp.4.subj_3,48,68
48,sp.4.subj_3,49,29
49,sp.4.subj_3,50,65
50,sp.4.subj_3,51,44
51,sp.4.subj_3,52,62
52,sp.4.subj_3,53,63
53,sp.4.subj_3,54,76
54,sp.4.subj_3,55,183
55,sp.4.subj_3,56,120
56,sp.4.subj_3,57,161
57,sp.4.subj_3,58,89
58,sp.4.subj_3,59,160
59,sp.4.subj_3,60,12
60,sp.4.subj_3,61,14
61,sp.4.subj_3,62,59
62,sp.4.subj_3,63,162
63,sp.4.subj_3,64,172
64,sp.4.subj_3,65,128
65,sp.4.subj_3,66,252
66,sp.4.subj_3,67,52
67,sp.4.subj_3,68,94
68,sp.4.subj_3,69,91
69,sp.4.subj_3,70,82
70,sp.4.subj_3,71,102
71,sp.4.subj_3,72,131
72,sp.4.subj_3,73,1
73,sp.4.subj_3,74,63
74,sp.4.subj_3,75,40
75,sp.4.subj_3,76,60
76,sp.4.subj_3,77,101
77,sp.4.subj_3,78,100
78,sp.4.subj_3,79,49
79,sp.4.subj_3,80,91
80,sp.4.subj_3,81,52
81,sp.4.subj_3,82,142
82,sp.4.subj_3,83,85
83,sp.4.subj_3,84,90
84,sp.4.subj_3,85,130
85,sp.4.subj_3,86,121
86,sp.4.subj_3,87,63
87,sp.4.subj_3,88,91
88,sp.4.subj_3,89,42
89,sp.4.subj_3,90,71
90,sp.4.subj_3,91,61
91,sp.4.subj_3,92,144
92,sp.4.subj_3,93,50
93,sp.4.subj_3,94,61
94,sp.4.subj_3,95,54
95,sp.4.subj_3,96,149
96,sp.4.subj_3,97,86
97,sp.4.subj_3,98,38
98,sp.4.subj_3,99,30
99,sp.4.subj_3,100,20
100,sp.4.subj_3,101,166
101,sp.4.subj_3,102,30
102,sp.4.subj_3,103,69
103,sp.4.subj_3,104,38
0,sp.4.subj_4,1,0
1,sp.4.subj_4,2,0
2,sp.4.subj_4,3,0
3,sp.4.subj_4,4,0
4,sp.4.subj_4,5,0
5,sp.4.subj_4,6,0
6,sp.4.subj_4,7,0
7,sp.4.subj_4,8,0
8,sp.4.subj_4,9,0
9,sp.4.subj_4,10,0
10,sp.4.subj_4,11,0
11,sp.4.subj_4,12,0
12,sp.4.subj_4,13,0
13,sp.4.subj_4,14,0
14,sp.4.subj_4,15,0
15,sp.4.subj_4,16,0
16,sp.4.subj_4,17,0
17,sp.4.subj_4,18,0
18,sp.4.subj_4,19,0
19,sp.4.subj_4,20,0
20,sp.4.subj_4,21,0
21,sp.4.subj_4,22,0
22,sp.4.subj_4,23,0
23,sp.4.subj_4,24,0
24,sp.4.subj_4,25,0
25,sp.4.subj_4,26,0
26,sp.4.subj_4,27,0
27,sp.4.subj_4,28,17
28,sp.4.subj_4,29,33
29,sp.4.subj_4,30,20
30,sp.4.subj_4,31,3
31,sp.4.subj_4,32,0
32,sp.4.subj_4,33,0
33,sp.4.subj_4,34,17
34,sp.4.subj_4,35,40
35,sp.4.subj_4,36,63
36,sp.4.subj_4,37,30
37,sp.4.subj_4,38,58
38,sp.4.subj_4,39,63
39,sp.4.subj_4,40,44
40,sp.4.subj_4,41,21
41,sp.4.subj_4,42,12
42,sp.4.subj_4,43,11
43,sp.4.subj_4,44,12
44,sp.4.subj_4,45,23
45,sp.4.subj_4,46,8
46,sp.4.subj_4,47,10
47,sp.4.subj_4,48,20
48,sp.4.subj_4,49,8
49,sp.4.subj_4,50,8
50,sp.4.subj_4,51,10
51,sp.4.subj_4,52,19
52,sp.4.subj_4,53,16
53,sp.4.subj_4,54,11
54,sp.4.subj_4,55,30
55,sp.4.subj_4,56,14
56,sp.4.subj_4,57,30
57,sp.4.subj_4,58,23
58,sp.4.subj_4,59,26
59,sp.4.subj_4,60,0
60,sp.4.subj_4,61,0
61,sp.4.subj_4,62,7
62,sp.4.subj_4,63,32
63,sp.4.subj_4,64,30
64,sp.4.subj_4,65,20
65,sp.4.subj_4,66,22
66,sp.4.subj_4,67,18
67,sp.4.subj_4,68,29
68,sp.4.subj_4,69,18
69,sp.4.subj_4,70,27
70,sp.4.subj_4,71,16
71,sp.4.subj_4,72,16
72,sp.4.subj_4,73,0
73,sp.4.subj_4,74,20
74,sp.4.subj_4,75,13
75,sp.4.subj_4,76,13
76,sp.4.subj_4,77,12
77,sp.4.subj_4,78,41
78,sp.4.subj_4,79,13
79,sp.4.subj_4,80,22
80,sp.4.subj_4,81,14
81,sp.4.subj_4,82,15
82,sp.4.subj_4,83,16
83,sp.4.subj_4,84,31
84,sp.4.subj_4,85,31
85,sp.4.subj_4,86,22
86,sp.4.subj_4,87,10
87,sp.4.subj_4,88,13
88,sp.4.subj_4,89,32
89,sp.4.subj_4,90,31
90,sp.4.subj_4,91,9
91,sp.4.subj_4,92,22
92,sp.4.subj_4,93,33
93,sp.4.subj_4,94,9
94,sp.4.subj_4,95,12
95,sp.4.subj_4,96,37
96,sp.4.subj_4,97,19
97,sp.4.subj_4,98,14
98,sp.4.subj_4,99,11
99,sp.4.subj_4,100,7
100,sp.4.subj_4,101,30
101,sp.4.subj_4,102,13
102,sp.4.subj_4,103,16
103,sp.4.subj_4,104,19
0,sp.4.subj_5,1,0
1,sp.4.subj_5,2,0
2,sp.4.subj_5,3,0
3,sp.4.subj_5,4,0
4,sp.4.subj_5,5,0
5,sp.4.subj_5,6,0
6,sp.4.subj_5,7,0
7,sp.4.subj_5,8,0
8,sp.4.subj_5,9,0
9,sp.4.subj_5,10,0
10,sp.4.subj_5,11,0
11,sp.4.subj_5,12,0
12,sp.4.subj_5,13,0
13,sp.4.subj_5,14,0
14,sp.4.subj_5,15,0
15,sp.4.subj_5,16,0
16,sp.4.subj_5,17,0
17,sp.4.subj_5,18,0
18,sp.4.subj_5,19,0
19,sp.4.subj_5,20,0
20,sp.4.subj_5,21,0
21,sp.4.subj_5,22,0
22,sp.4.subj_5,23,0
23,sp.4.subj_5,24,0
24,sp.4.subj_5,25,0
25,sp.4.subj_5,26,0
26,sp.4.subj_5,27,0
27,sp.4.subj_5,28,589
28,sp.4.subj_5,29,766
29,sp.4.subj_5,30,313
30,sp.4.subj_5,31,247
31,sp.4.subj_5,32,0
32,sp.4.subj_5,33,0
33,sp.4.subj_5,34,227
34,sp.4.subj_5,35,1280
35,sp.4.subj_5,36,2286
36,sp.4.subj_5,37,863
37,sp.4.subj_5,38,905
38,sp.4.subj_5,39,560
39,sp.4.subj_5,40,960
40,sp.4.subj_5,41,32
41,sp.4.subj_5,42,125
42,sp.4.subj_5,43,23
43,sp.4.subj_5,44,74
44,sp.4.subj_5,45,310
45,sp.4.subj_5,46,72
46,sp.4.subj_5,47,56
47,sp.4.subj_5,48,245
48,sp.4.subj_5,49,44
49,sp.4.subj_5,50,71
50,sp.4.subj_5,51,100
51,sp.4.subj_5,52,115
52,sp.4.subj_5,53,214
53,sp.4.subj_5,54,177
54,sp.4.subj_5,55,682
55,sp.4.subj_5,56,426
56,sp.4.subj_5,57,504
57,sp.4.subj_5,58,785
58,sp.4.subj_5,59,793
59,sp.4.subj_5,60,14
60,sp.4.subj_5,61,9
61,sp.4.subj_5,62,272
62,sp.4.subj_5,63,663
63,sp.4.subj_5,64,1009
64,sp.4.subj_5,65,668
65,sp.4.subj_5,66,875
66,sp.4.subj_5,67,298
67,sp.4.subj_5,68,489
68,sp.4.subj_5,69,260
69,sp.4.subj_5,70,216
70,sp.4.subj_5,71,194
71,sp.4.subj_5,72,492
72,sp.4.subj_5,73,7
73,sp.4.subj_5,74,200
74,sp.4.subj_5,75,58
75,sp.4.subj_5,76,247
76,sp.4.subj_5,77,319
77,sp.4.subj_5,78,420
78,sp.4.subj_5,79,95
79,sp.4.subj_5,80,375
80,sp.4.subj_5,81,89
81,sp.4.subj_5,82,343
82,sp.4.subj_5,83,131
83,sp.4.subj_5,84,334
84,sp.4.subj_5,85,472
85,sp.4.subj_5,86,181
86,sp.4.subj_5,87,345
87,sp.4.subj_5,88,275
88,sp.4.subj_5,89,87
89,sp.4.subj_5,90,429
90,sp.4.subj_5,91,174
91,sp.4.subj_5,92,606
92,sp.4.subj_5,93,233
93,sp.4.subj_5,94,79
94,sp.4.subj_5,95,265
95,sp.4.subj_5,96,442
96,sp.4.subj_5,97,215
97,sp.4.subj_5,98,30
98,sp.4.subj_5,99,88
99,sp.4.subj_5,100,58
100,sp.4.subj_5,101,466
101,sp.4.subj_5,102,40
102,sp.4.subj_5,103,206
103,sp.4.subj_5,104,25
0,sp.4.subj_6,1,0
1,sp.4.subj_6,2,0
2,sp.4.subj_6,3,0
3,sp.4.subj_6,4,0
4,sp.4.subj_6,5,0
5,sp.4.subj_6,6,0
6,sp.4.subj_6,7,0
7,sp.4.subj_6,8,0
8,sp.4.subj_6,9,0
9,sp.4.subj_6,10,0
10,sp.4.subj_6,11,0
11,sp.4.subj_6,12,0
12,sp.4.subj_6,13,0
13,sp.4.subj_6,14,0
14,sp.4.subj_6,15,0
15,sp.4.subj_6,16,0
16,sp.4.subj_6,17,0
17,sp.4.subj_6,18,0
18,sp.4.subj_6,19,0
19,sp.4.subj_6,20,0
20,sp.4.subj_6,21,0
21,sp.4.subj_6,22,0
22,sp.4.subj_6,23,0
23,sp.4.subj_6,24,0
24,sp.4.subj_6,25,0
25,sp.4.subj_6,26,0
26,sp.4.subj_6,27,0
27,sp.4.subj_6,28,87
28,sp.4.subj_6,29,52
29,sp.4.subj_6,30,73
30,sp.4.subj_6,31,22
31,sp.4.subj_6,32,0
32,sp.4.subj_6,33,0
33,sp.4.subj_6,34,6
34,sp.4.subj_6,35,65
35,sp.4.subj_6,36,186
36,sp.4.subj_6,37,79
37,sp.4.subj_6,38,154
38,sp.4.subj_6,39,69
39,sp.4.subj_6,40,109
40,sp.4.subj_6,41,39
41,sp.4.subj_6,42,33
42,sp.4.subj_6,43,24
43,sp.4.subj_6,44,31
44,sp.4.subj_6,45,46
45,sp.4.subj_6,46,23
46,sp.4.subj_6,47,22
47,sp.4.subj_6,48,44
48,sp.4.subj_6,49,22
49,sp.4.subj_6,50,24
50,sp.4.subj_6,51,29
51,sp.4.subj_6,52,38
52,sp.4.subj_6,53,54
53,sp.4.subj_6,54,21
54,sp.4.subj_6,55,63
55,sp.4.subj_6,56,42
56,sp.4.subj_6,57,58
57,sp.4.subj_6,58,97
58,sp.4.subj_6,59,67
59,sp.4.subj_6,60,0
60,sp.4.subj_6,61,0
61,sp.4.subj_6,62,35
62,sp.4.subj_6,63,58
63,sp.4.subj_6,64,117
64,sp.4.subj_6,65,53
65,sp.4.subj_6,66,84
66,sp.4.subj_6,67,73
67,sp.4.subj_6,68,44
68,sp.4.subj_6,69,37
69,sp.4.subj_6,70,28
70,sp.4.subj_6,71,54
71,sp.4.subj_6,72,57
72,sp.4.subj_6,73,0
73,sp.4.subj_6,74,38
74,sp.4.subj_6,75,22
75,sp.4.subj_6,76,39
76,sp.4.subj_6,77,44
77,sp.4.subj_6,78,48
78,sp.4.subj_6,79,43
79,sp.4.subj_6,80,34
80,sp.4.subj_6,81,33
81,sp.4.subj_6,82,59
82,sp.4.subj_6,83,59
83,sp.4.subj_6,84,44
84,sp.4.subj_6,85,49
85,sp.4.subj_6,86,70
86,sp.4.subj_6,87,55
87,sp.4.subj_6,88,40
88,sp.4.subj_6,89,25
89,sp.4.subj_6,90,41
90,sp.4.subj_6,91,74
91,sp.4.subj_6,92,110
92,sp.4.subj_6,93,48
93,sp.4.subj_6,94,47
94,sp.4.subj_6,95,60
95,sp.4.subj_6,96,59
96,sp.4.subj_6,97,34
97,sp.4.subj_6,98,34
98,sp.4.subj_6,99,46
99,sp.4.subj_6,100,23
100,sp.4.subj_6,101,99
101,sp.4.subj_6,102,36
102,sp.4.subj_6,103,84
103,sp.4.subj_6,104,35
0,sp.4.subj_7,1,0
1,sp.4.subj_7,2,0
2,sp.4.subj_7,3,0
3,sp.4.subj_7,4,0
4,sp.4.subj_7,5,0
5,sp.4.subj_7,6,0
6,sp.4.subj_7,7,0
7,sp.4.subj_7,8,0
8,sp.4.subj_7,9,0
9,sp.4.subj_7,10,0
10,sp.4.subj_7,11,0
11,sp.4.subj_7,12,0
12,sp.4.subj_7,13,0
13,sp.4.subj_7,14,0
14,sp.4.subj_7,15,0
15,sp.4.subj_7,16,0
16,sp.4.subj_7,17,0
17,sp.4.subj_7,18,0
18,sp.4.subj_7,19,0
19,sp.4.subj_7,20,0
20,sp.4.subj_7,21,0
21,sp.4.subj_7,22,0
22,sp.4.subj_7,23,0
23,sp.4.subj_7,24,0
24,sp.4.subj_7,25,0
25,sp.4.subj_7,26,0
26,sp.4.subj_7,27,0
27,sp.4.subj_7,28,62
28,sp.4.subj_7,29,46
29,sp.4.subj_7,30,52
30,sp.4.subj_7,31,7
31,sp.4.subj_7,32,0
32,sp.4.subj_7,33,0
33,sp.4.subj_7,34,9
34,sp.4.subj_7,35,87
35,sp.4.subj_7,36,121
36,sp.4.subj_7,37,53
37,sp.4.subj_7,38,93
38,sp.4.subj_7,39,72
39,sp.4.subj_7,40,64
40,sp.4.subj_7,41,12
41,sp.4.subj_7,42,22
42,sp.4.subj_7,43,6
43,sp.4.subj_7,44,11
44,sp.4.subj_7,45,10
45,sp.4.subj_7,46,6
46,sp.4.subj_7,47,6
47,sp.4.subj_7,48,25
48,sp.4.subj_7,49,9
49,sp.4.subj_7,50,12
50,sp.4.subj_7,51,22
51,sp.4.subj_7,52,10
52,sp.4.subj_7,53,22
53,sp.4.subj_7,54,15
54,sp.4.subj_7,55,30
55,sp.4.subj_7,56,55
56,sp.4.subj_7,57,18
57,sp.4.subj_7,58,23
58,sp.4.subj_7,59,29
59,sp.4.subj_7,60,1
60,sp.4.subj_7,61,0
61,sp.4.subj_7,62,20
62,sp.4.subj_7,63,42
63,sp.4.subj_7,64,41
64,sp.4.subj_7,65,42
65,sp.4.subj_7,66,59
66,sp.4.subj_7,67,35
67,sp.4.subj_7,68,19
68,sp.4.subj_7,69,12
69,sp.4.subj_7,70,29
70,sp.4.subj_7,71,16
71,sp.4.subj_7,72,35
72,sp.4.subj_7,73,0
73,sp.4.subj_7,74,14
74,sp.4.subj_7,75,9
75,sp.4.subj_7,76,37
76,sp.4.subj_7,77,31
77,sp.4.subj_7,78,41
78,sp.4.subj_7,79,15
79,sp.4.subj_7,80,47
80,sp.4.subj_7,81,22
81,sp.4.subj_7,82,34
82,sp.4.subj_7,83,26
83,sp.4.subj_7,84,39
84,sp.4.subj_7,85,55
85,sp.4.subj_7,86,35
86,sp.4.subj_7,87,13
87,sp.4.subj_7,88,29
88,sp.4.subj_7,89,13
89,sp.4.subj_7,90,32
90,sp.4.subj_7,91,22
91,sp.4.subj_7,92,44
92,sp.4.subj_7,93,21
93,sp.4.subj_7,94,15
94,sp.4.subj_7,95,19
95,sp.4.subj_7,96,54
96,sp.4.subj_7,97,19
97,sp.4.subj_7,98,13
98,sp.4.subj_7,99,8
99,sp.4.subj_7,100,5
100,sp.4.subj_7,101,34
101,sp.4.subj_7,102,13
102,sp.4.subj_7,103,19
103,sp.4.subj_7,104,9
